<?xml version="1.0" encoding="UTF-8"?>
<Entities
 majorVersion="9"
 minorVersion="5"
 universal="password">
    <Organizations>
        <Organization
         aspect.isEditableExtensionObject="true"
         aspect.isExtension="true"
         description=""
         documentationContent=""
         homeMashup="PTC.ProductionDashboard.MainFrame_MU"
         loginButtonStyle=""
         loginPrompt=""
         loginResetPassword="false"
         loginStyle=""
         mobileMashup=""
         name="PTCDTS.Base.Permissions.Default_OR"
         projectName="PTCDTS.Base.Permissions"
         resetMailContent="&lt;p&gt;[[resetemail.requestmade]]&lt;/p&gt;&lt;p&gt;[[resetemail.instructions]]&lt;/p&gt;&lt;p&gt;[[resetemail.helpneeded]]&lt;/p&gt;"
         resetMailServer=""
         resetMailSubject="[[resetemail.subject]]"
         tags="">
            <avatar></avatar>
            <DesignTimePermissions>
                <Create></Create>
                <Read></Read>
                <Update></Update>
                <Delete></Delete>
                <Metadata></Metadata>
            </DesignTimePermissions>
            <RunTimePermissions></RunTimePermissions>
            <VisibilityPermissions>
                <Visibility></Visibility>
            </VisibilityPermissions>
            <ConfigurationTableDefinitions></ConfigurationTableDefinitions>
            <ConfigurationTables></ConfigurationTables>
            <loginImage></loginImage>
            <Connections>
                <Connection
                 from=""
                 to="PTCDTS.Base.Permissions.Default_UG"></Connection>
                <Connection
                 from="PTCDTS.Base.Permissions.Default_UG"
                 to="PTCDTS.Base.Permissions.Admin_UG"></Connection>
                <Connection
                 from="PTCDTS.Base.Permissions.Default_UG"
                 to="PTCDTS.Base.Permissions.AssociationPrincipal_UG"></Connection>
                <Connection
                 from="PTCDTS.Base.Permissions.Default_UG"
                 to="PTCDTS.Base.Permissions.Associations_UG"></Connection>
                <Connection
                 from="PTCDTS.Base.Permissions.Default_UG"
                 to="PTCDTS.Base.Permissions.ApplicationAdmin_UG"></Connection>
                <Connection
                 from="PTCDTS.Base.Permissions.Default_UG"
                 to="PTCDTS.Base.Permissions.DPMReadOnly_UG"></Connection>
                <Connection
                 from="PTCDTS.Base.Permissions.Default_UG"
                 to="PTCDTS.Base.Permissions.DPMUser_UG"></Connection>
                <Connection
                 from="PTCDTS.Base.Permissions.Default_UG"
                 to="PTCDTS.Base.Permissions.ProductionDashboardReadOnly_UG"></Connection>
                <Connection
                 from="PTCDTS.Base.Permissions.Default_UG"
                 to="PTCDTS.Base.Permissions.ProductionDashboardUser_UG"></Connection>
                <Connection
                 from="PTCDTS.Base.Permissions.Default_UG"
                 to="PTCDTS.Base.Permissions.PerformanceAnalysisReadOnly_UG"></Connection>
                <Connection
                 from="PTCDTS.Base.Permissions.Default_UG"
                 to="PTCDTS.Base.Permissions.PerformanceAnalysisUser_UG"></Connection>
                <Connection
                 from="PTCDTS.Base.Permissions.Default_UG"
                 to="PTCDTS.Base.Permissions.ActionTrackerReadOnly_UG"></Connection>
                <Connection
                 from="PTCDTS.Base.Permissions.Default_UG"
                 to="PTCDTS.Base.Permissions.ActionTrackerUser_UG"></Connection>
                <Connection
                 from="PTCDTS.Base.Permissions.Default_UG"
                 to="PTCDTS.Base.Permissions.ScorecardReadOnly_UG"></Connection>
                <Connection
                 from="PTCDTS.Base.Permissions.Default_UG"
                 to="PTCDTS.Base.Permissions.ScorecardFullAccess_UG"></Connection>
                <Connection
                 from="PTCDTS.Base.Permissions.Default_UG"
                 to="PTCDTS.Base.Permissions.BottleneckReadOnly_UG"></Connection>
                <Connection
                 from="PTCDTS.Base.Permissions.Default_UG"
                 to="PTCDTS.Base.Permissions.BottleneckFullAccess_UG"></Connection>
            </Connections>
            <OrganizationalUnits>
                <OrganizationalUnit
                 description=""
                 name="PTCDTS.Base.Permissions.ActionTrackerReadOnly_UG">
                    <Members>
                        <Members>
                            <Member
                             name="PTCDTS.Base.Permissions.ActionTrackerReadOnly_UG"
                             type="Group"></Member>
                        </Members>
                    </Members>
                </OrganizationalUnit>
                <OrganizationalUnit
                 description=""
                 name="PTCDTS.Base.Permissions.ActionTrackerUser_UG">
                    <Members>
                        <Members>
                            <Member
                             name="PTCDTS.Base.Permissions.ActionTrackerUser_UG"
                             type="Group"></Member>
                        </Members>
                    </Members>
                </OrganizationalUnit>
                <OrganizationalUnit
                 description=""
                 name="PTCDTS.Base.Permissions.Admin_UG">
                    <Members>
                        <Members>
                            <Member
                             name="PTCDTS.Base.Permissions.Admin_UG"
                             type="Group"></Member>
                        </Members>
                    </Members>
                </OrganizationalUnit>
                <OrganizationalUnit
                 description=""
                 name="PTCDTS.Base.Permissions.ApplicationAdmin_UG">
                    <Members>
                        <Members>
                            <Member
                             name="PTCDTS.Base.Permissions.ApplicationAdmin_UG"
                             type="Group"></Member>
                        </Members>
                    </Members>
                </OrganizationalUnit>
                <OrganizationalUnit
                 description=""
                 name="PTCDTS.Base.Permissions.AssociationPrincipal_UG">
                    <Members>
                        <Members>
                            <Member
                             name="PTCDTS.Base.Permissions.AssociationPrincipal_UG"
                             type="Group"></Member>
                        </Members>
                    </Members>
                </OrganizationalUnit>
                <OrganizationalUnit
                 description=""
                 name="PTCDTS.Base.Permissions.Associations_UG">
                    <Members>
                        <Members></Members>
                    </Members>
                </OrganizationalUnit>
                <OrganizationalUnit
                 description=""
                 name="PTCDTS.Base.Permissions.BottleneckFullAccess_UG">
                    <Members>
                        <Members>
                            <Member
                             name="PTCDTS.Base.Permissions.BottleneckFullAccess_UG"
                             type="Group"></Member>
                        </Members>
                    </Members>
                </OrganizationalUnit>
                <OrganizationalUnit
                 description=""
                 name="PTCDTS.Base.Permissions.BottleneckReadOnly_UG">
                    <Members>
                        <Members>
                            <Member
                             name="PTCDTS.Base.Permissions.BottleneckReadOnly_UG"
                             type="Group"></Member>
                        </Members>
                    </Members>
                </OrganizationalUnit>
                <OrganizationalUnit
                 description=""
                 name="PTCDTS.Base.Permissions.Default_UG">
                    <Members>
                        <Members>
                            <Member
                             name="PTCDTS.Base.Permissions.Default_UG"
                             type="Group"></Member>
                        </Members>
                    </Members>
                </OrganizationalUnit>
                <OrganizationalUnit
                 description=""
                 name="PTCDTS.Base.Permissions.DPMReadOnly_UG">
                    <Members>
                        <Members>
                            <Member
                             name="PTCDTS.Base.Permissions.DPMReadOnly_UG"
                             type="Group"></Member>
                        </Members>
                    </Members>
                </OrganizationalUnit>
                <OrganizationalUnit
                 description=""
                 name="PTCDTS.Base.Permissions.DPMUser_UG">
                    <Members>
                        <Members>
                            <Member
                             name="PTCDTS.Base.Permissions.DPMUser_UG"
                             type="Group"></Member>
                        </Members>
                    </Members>
                </OrganizationalUnit>
                <OrganizationalUnit
                 description=""
                 name="PTCDTS.Base.Permissions.PerformanceAnalysisReadOnly_UG">
                    <Members>
                        <Members>
                            <Member
                             name="PTCDTS.Base.Permissions.PerformanceAnalysisReadOnly_UG"
                             type="Group"></Member>
                        </Members>
                    </Members>
                </OrganizationalUnit>
                <OrganizationalUnit
                 description=""
                 name="PTCDTS.Base.Permissions.PerformanceAnalysisUser_UG">
                    <Members>
                        <Members>
                            <Member
                             name="PTCDTS.Base.Permissions.PerformanceAnalysisUser_UG"
                             type="Group"></Member>
                        </Members>
                    </Members>
                </OrganizationalUnit>
                <OrganizationalUnit
                 description=""
                 name="PTCDTS.Base.Permissions.ProductionDashboardReadOnly_UG">
                    <Members>
                        <Members>
                            <Member
                             name="PTCDTS.Base.Permissions.ProductionDashboardReadOnly_UG"
                             type="Group"></Member>
                        </Members>
                    </Members>
                </OrganizationalUnit>
                <OrganizationalUnit
                 description=""
                 name="PTCDTS.Base.Permissions.ProductionDashboardUser_UG">
                    <Members>
                        <Members>
                            <Member
                             name="PTCDTS.Base.Permissions.ProductionDashboardUser_UG"
                             type="Group"></Member>
                        </Members>
                    </Members>
                </OrganizationalUnit>
                <OrganizationalUnit
                 description=""
                 name="PTCDTS.Base.Permissions.ScorecardFullAccess_UG">
                    <Members>
                        <Members>
                            <Member
                             name="PTCDTS.Base.Permissions.ScorecardFullAccess_UG"
                             type="Group"></Member>
                        </Members>
                    </Members>
                </OrganizationalUnit>
                <OrganizationalUnit
                 description=""
                 name="PTCDTS.Base.Permissions.ScorecardReadOnly_UG">
                    <Members>
                        <Members>
                            <Member
                             name="PTCDTS.Base.Permissions.ScorecardReadOnly_UG"
                             type="Group"></Member>
                        </Members>
                    </Members>
                </OrganizationalUnit>
            </OrganizationalUnits>
        </Organization>
    </Organizations>
</Entities>
