<?xml version="1.0" encoding="UTF-8"?>
<Entities
 majorVersion="9"
 minorVersion="5"
 universal="password">
    <Groups>
        <Group
         aspect.isExtension="true"
         description="Role Generated from the Solution Framework"
         documentationContent=""
         homeMashup=""
         name="PTCDTS.Base.Permissions.ActionTrackerFullAccess_UG"
         projectName="PTCDTS.Base.Permissions"
         scimDisplayName=""
         scimExternalId=""
         scimId=""
         tags="">
            <avatar></avatar>
            <DesignTimePermissions>
                <Create></Create>
                <Read></Read>
                <Update></Update>
                <Delete></Delete>
                <Metadata></Metadata>
            </DesignTimePermissions>
            <RunTimePermissions></RunTimePermissions>
            <VisibilityPermissions>
                <Visibility>
                    <Principal
                     isPermitted="true"
                     name="PTCDTS.Base.Permissions.Default_OR"
                     type="Organization"></Principal>
                </Visibility>
            </VisibilityPermissions>
            <ConfigurationTableDefinitions></ConfigurationTableDefinitions>
            <ConfigurationTables></ConfigurationTables>
            <Members>
                <Members>
                    <Member
                     name="Test"
                     type="User"></Member>
                </Members>
            </Members>
        </Group>
    </Groups>
</Entities>
