<?xml version="1.0" encoding="UTF-8"?>
<Entities
 majorVersion="9"
 minorVersion="5"
 universal="password">
    <DataShapes>
        <DataShape
         aspect.isExtension="true"
         baseDataShape=""
         description=""
         documentationContent=""
         homeMashup=""
         name="PTC.Administration.VisibilityPermissions_DS"
         projectName="PTCDTS.Base.Permissions"
         tags="">
            <avatar></avatar>
            <DesignTimePermissions>
                <Create></Create>
                <Read></Read>
                <Update></Update>
                <Delete></Delete>
                <Metadata></Metadata>
            </DesignTimePermissions>
            <RunTimePermissions></RunTimePermissions>
            <VisibilityPermissions>
                <Visibility></Visibility>
            </VisibilityPermissions>
            <ConfigurationTableDefinitions></ConfigurationTableDefinitions>
            <ConfigurationTables></ConfigurationTables>
            <FieldDefinitions>
                <FieldDefinition
                 baseType="BOOLEAN"
                 description=""
                 name="AdminOrg"
                 ordinal="4"></FieldDefinition>
                <FieldDefinition
                 baseType="BOOLEAN"
                 description=""
                 name="allUsersOrg"
                 ordinal="3"></FieldDefinition>
                <FieldDefinition
                 aspect.isPrimaryKey="true"
                 baseType="STRING"
                 description=""
                 name="entityName"
                 ordinal="2"></FieldDefinition>
                <FieldDefinition
                 baseType="STRING"
                 description=""
                 name="entityType"
                 ordinal="1"></FieldDefinition>
                <FieldDefinition
                 aspect.defaultValue="Live"
                 baseType="STRING"
                 description=""
                 name="Status"
                 ordinal="0"></FieldDefinition>
            </FieldDefinitions>
        </DataShape>
    </DataShapes>
</Entities>
