<?xml version="1.0" encoding="UTF-8"?>
<Entities
 majorVersion="9"
 minorVersion="5"
 universal="password">
    <ThingTemplates>
        <ThingTemplate
         aspect.isEditableExtensionObject="true"
         aspect.isExtension="true"
         aspect.isSystemObject="false"
         baseThingTemplate="PTC.Base.ComponentEntryPoint_TT"
         description="Contains the default security model for DPM"
         documentationContent=""
         effectiveThingPackage="ConfiguredThing"
         homeMashup=""
         inheritedValueStream=""
         name="PTCDTS.Base.Permissions.EntryPoint_TT"
         projectName="PTCDTS.Base.Permissions"
         tags=""
         thingPackage=""
         valueStream="">
            <avatar></avatar>
            <DesignTimePermissions>
                <Create></Create>
                <Read></Read>
                <Update></Update>
                <Delete></Delete>
                <Metadata></Metadata>
            </DesignTimePermissions>
            <RunTimePermissions></RunTimePermissions>
            <VisibilityPermissions>
                <Visibility></Visibility>
            </VisibilityPermissions>
            <ConfigurationTableDefinitions></ConfigurationTableDefinitions>
            <ConfigurationTables>
                <ConfigurationTable
                 dataShapeName=""
                 description="Configuration table to store the components core manager"
                 isMultiRow="true"
                 name="ComponentManager"
                 ordinal="0">
                    <DataShape>
                        <FieldDefinitions>
                            <FieldDefinition
                             aspect.isPrimaryKey="true"
                             baseType="STRING"
                             description="unique identifier for the manager that needs to be configured"
                             name="id"
                             ordinal="1"></FieldDefinition>
                            <FieldDefinition
                             aspect.isPrimaryKey="false"
                             aspect.thingShape="PTC.Base.CommonManagement_TS"
                             baseType="THINGNAME"
                             description="Name of the Manager Thing to be configured"
                             name="managerThingName"
                             ordinal="2"></FieldDefinition>
                        </FieldDefinitions>
                    </DataShape>
                    <Rows></Rows>
                </ConfigurationTable>
            </ConfigurationTables>
            <PropertyBindings></PropertyBindings>
            <RemotePropertyBindings></RemotePropertyBindings>
            <RemoteServiceBindings></RemoteServiceBindings>
            <RemoteEventBindings></RemoteEventBindings>
            <AlertConfigurations>
                <AlertDefinitions
                 name="DefaultComponentGroupMapping"></AlertDefinitions>
            </AlertConfigurations>
            <ThingShape>
                <PropertyDefinitions>
                    <PropertyDefinition
                     aspect.cacheTime="0.0"
                     aspect.dataChangeType="VALUE"
                     aspect.dataShape="PTCDTS.Base.Permissions.ComponentGroupMapping_DS"
                     aspect.isIndexed="false"
                     aspect.isPersistent="true"
                     baseType="INFOTABLE"
                     category=""
                     description=""
                     isLocalOnly="false"
                     name="DefaultComponentGroupMapping"
                     ordinal="2"></PropertyDefinition>
                </PropertyDefinitions>
                <ServiceDefinitions>
                    <ServiceDefinition
                     aspect.isAsync="false"
                     category=""
                     description=""
                     isAllowOverride="false"
                     isLocalOnly="false"
                     isOpen="false"
                     isPrivate="false"
                     name="AddCustomPermissions">
                        <ResultType
                         baseType="NOTHING"
                         description=""
                         name="result"
                         ordinal="0"></ResultType>
                        <ParameterDefinitions></ParameterDefinitions>
                    </ServiceDefinition>
                    <ServiceDefinition
                     aspect.isAsync="false"
                     category=""
                     description=""
                     isAllowOverride="false"
                     isLocalOnly="false"
                     isOpen="false"
                     isPrivate="false"
                     name="AddMembersToDefaultUG">
                        <ResultType
                         baseType="NOTHING"
                         description=""
                         name="result"
                         ordinal="0"></ResultType>
                        <ParameterDefinitions></ParameterDefinitions>
                    </ServiceDefinition>
                    <ServiceDefinition
                     aspect.isAsync="false"
                     category=""
                     description=""
                     isAllowOverride="true"
                     isLocalOnly="false"
                     isOpen="false"
                     isPrivate="false"
                     name="CleanUpEntities">
                        <ResultType
                         baseType="INFOTABLE"
                         description=""
                         name="result"
                         ordinal="0"></ResultType>
                        <ParameterDefinitions></ParameterDefinitions>
                    </ServiceDefinition>
                    <ServiceDefinition
                     aspect.isAsync="false"
                     category=""
                     description=""
                     isAllowOverride="false"
                     isLocalOnly="false"
                     isOpen="false"
                     isPrivate="false"
                     name="RemoveUsersFromComposerUsers">
                        <ResultType
                         baseType="NOTHING"
                         description=""
                         name="result"
                         ordinal="0"></ResultType>
                        <ParameterDefinitions></ParameterDefinitions>
                    </ServiceDefinition>
                    <ServiceDefinition
                     aspect.isAsync="false"
                     category=""
                     description=""
                     isAllowOverride="false"
                     isLocalOnly="false"
                     isOpen="false"
                     isPrivate="false"
                     name="SetIAMConfigurationComponentGroupMappingConfig">
                        <ResultType
                         baseType="NOTHING"
                         description=""
                         name="result"
                         ordinal="0"></ResultType>
                        <ParameterDefinitions></ParameterDefinitions>
                    </ServiceDefinition>
                    <ServiceDefinition
                     aspect.isAsync="false"
                     category=""
                     description=""
                     isAllowOverride="false"
                     isLocalOnly="false"
                     isOpen="false"
                     isPrivate="false"
                     name="StoreDefaultComponentMapping">
                        <ResultType
                         baseType="NOTHING"
                         description=""
                         name="result"
                         ordinal="0"></ResultType>
                        <ParameterDefinitions></ParameterDefinitions>
                    </ServiceDefinition>
                    <ServiceDefinition
                     aspect.isAsync="false"
                     category=""
                     description=""
                     isAllowOverride="false"
                     isLocalOnly="false"
                     isOpen="false"
                     isPrivate="false"
                     name="UpdateBBPermissions">
                        <ResultType
                         baseType="NOTHING"
                         description=""
                         name="result"
                         ordinal="0"></ResultType>
                        <ParameterDefinitions></ParameterDefinitions>
                    </ServiceDefinition>
                    <ServiceDefinition
                     aspect.isAsync="false"
                     category=""
                     description=""
                     isAllowOverride="false"
                     isLocalOnly="false"
                     isOpen="false"
                     isPrivate="false"
                     name="UpdateGenericThingPermissions">
                        <ResultType
                         baseType="NOTHING"
                         description=""
                         name="result"
                         ordinal="0"></ResultType>
                        <ParameterDefinitions></ParameterDefinitions>
                    </ServiceDefinition>
                    <ServiceDefinition
                     aspect.isAsync="false"
                     category=""
                     description=""
                     isAllowOverride="false"
                     isLocalOnly="false"
                     isOpen="false"
                     isPrivate="false"
                     name="UpdateIAMConfigs">
                        <ResultType
                         baseType="NOTHING"
                         description=""
                         name="result"
                         ordinal="0"></ResultType>
                        <ParameterDefinitions></ParameterDefinitions>
                    </ServiceDefinition>
                    <ServiceDefinition
                     aspect.isAsync="false"
                     category=""
                     description=""
                     isAllowOverride="false"
                     isLocalOnly="false"
                     isOpen="false"
                     isPrivate="false"
                     name="UpdateRemoteThingPermissions">
                        <ResultType
                         baseType="NOTHING"
                         description=""
                         name="result"
                         ordinal="0"></ResultType>
                        <ParameterDefinitions></ParameterDefinitions>
                    </ServiceDefinition>
                </ServiceDefinitions>
                <EventDefinitions></EventDefinitions>
                <ServiceMappings></ServiceMappings>
                <ServiceImplementations>
                    <ServiceImplementation
                     description=""
                     handlerName="Script"
                     name="AddCustomPermissions">
                        <ConfigurationTables>
                            <ConfigurationTable
                             dataShapeName=""
                             description=""
                             isMultiRow="false"
                             name="Script"
                             ordinal="0">
                                <DataShape>
                                    <FieldDefinitions>
                                        <FieldDefinition
                                         baseType="STRING"
                                         description="code"
                                         name="code"
                                         ordinal="0"></FieldDefinition>
                                    </FieldDefinitions>
                                </DataShape>
                                <Rows>
                                    <Row>
                                        <code>
                                        <![CDATA[
                                        //Only add the custom permissions if the DPM version of the Base Permissions building block is installed.
                                        if (Groups["PTCDTS.Base.Permissions.ProductionDashboardFullAccess_UG"] && Groups["PTCDTS.Base.Permissions.ProductionDashboardReadOnly_UG"]) {
                                        	let bbPermissionsMap = {
                                        		"ProductionDashboard": ["JobOrderManagement", "TimeLossAccounting"],
                                        		"ActionTracker": ["ActionManagement"],
                                        		"PerformanceAnalysis": []
                                        	};
                                        
                                        	for (let bb in bbPermissionsMap) {
                                        		//Your code here
                                        		let bbName = "PTC." + bb;
                                        		let cpHelperName = bbName + ".ComponentPermissionHelper";
                                        		let permissionArray = bbPermissionsMap[bb];
                                        
                                        		for (let i = 0; i < permissionArray.length; i++) {
                                        			let permission = permissionArray[i];
                                        			Things["PTC.SolutionFramework.Manager"].AddNewPermissionGroup({
                                        				visibilityTable: undefined /* INFOTABLE */ ,
                                        				buildingBlockName: bbName /* STRING */ ,
                                        				componentPermissionsHelper: cpHelperName /* THINGNAME */ ,
                                        				permissionDescription: undefined /* STRING */ ,
                                        				runtimeTable: undefined /* INFOTABLE */ ,
                                        				permissionGroupName: bbName + "." + permission + "_UG" /* STRING */ ,
                                        				permissionName: permission /* STRING */
                                        			});
                                        		}
                                        	}
                                        }
                                        ]]>
                                        </code>
                                    </Row>
                                </Rows>
                            </ConfigurationTable>
                        </ConfigurationTables>
                    </ServiceImplementation>
                    <ServiceImplementation
                     description=""
                     handlerName="Script"
                     name="AddMembersToDefaultUG">
                        <ConfigurationTables>
                            <ConfigurationTable
                             dataShapeName=""
                             description=""
                             isMultiRow="false"
                             name="Script"
                             ordinal="0">
                                <DataShape>
                                    <FieldDefinitions>
                                        <FieldDefinition
                                         baseType="STRING"
                                         description="code"
                                         name="code"
                                         ordinal="0"></FieldDefinition>
                                    </FieldDefinitions>
                                </DataShape>
                                <Rows>
                                    <Row>
                                        <code>
                                        <![CDATA[
                                        Groups["PTCDTS.Base.Permissions.Default_UG"].AddMember({
                                        		member: "PTCDTS.Base.Permissions.AssociationPrincipal_UG" /* STRING */ ,
                                        		type: "Group" /* STRING */
                                        	});
                                        
                                        Groups["PTCDTS.Base.Permissions.Default_UG"].AddMember({
                                            member: "PTCDTS.Base.Permissions.ApplicationAdmin_UG" /* STRING */ ,
                                            type: "Group" /* STRING */
                                        });
                                        ]]>
                                        </code>
                                    </Row>
                                </Rows>
                            </ConfigurationTable>
                        </ConfigurationTables>
                    </ServiceImplementation>
                    <ServiceImplementation
                     description=""
                     handlerName="Script"
                     name="CleanUpEntities">
                        <ConfigurationTables>
                            <ConfigurationTable
                             dataShapeName=""
                             description=""
                             isMultiRow="false"
                             name="Script"
                             ordinal="0">
                                <DataShape>
                                    <FieldDefinitions>
                                        <FieldDefinition
                                         baseType="STRING"
                                         description="code"
                                         name="code"
                                         ordinal="0"></FieldDefinition>
                                    </FieldDefinitions>
                                </DataShape>
                                <Rows>
                                    <Row>
                                        <code>
                                        <![CDATA[
                                        //Ensure that all Visibility permission data shapes are in the base permissions projects
                                        let params = {
                                        	maxItems: undefined /* NUMBER {"defaultValue":500} */,
                                        	nameMask: ".*\\.VisibilityPermissions_DS$" /* STRING */,
                                        	type: "DataShape" /* STRING */,
                                        	tags: undefined /* TAGS */
                                        };
                                        
                                        // result: INFOTABLE dataShape: RootEntityList
                                        let visibilityPermissionDataShapes = Resources["EntityServices"].GetEntityListByRegEx(params);
                                        
                                        visibilityPermissionDataShapes.rows.toArray().forEach(row => {
                                            let project;
                                            try{
                                                let dataShape = DataShapes[row.name];
                                        		project = dataShape.GetProjectName();
                                                if(project != "PTCDTS.Base.Permissions"){
                                                    DataShapes[row.name].SetProjectName({
                                                            projectName: "PTCDTS.Base.Permissions"
                                                        });
                                                }
                                                row.description = project;
                                            }catch(err){
                                                logger.warn(row.name + " " + project);
                                            }
                                        });
                                        
                                        let result = visibilityPermissionDataShapes;
                                        ]]>
                                        </code>
                                    </Row>
                                </Rows>
                            </ConfigurationTable>
                        </ConfigurationTables>
                    </ServiceImplementation>
                    <ServiceImplementation
                     description=""
                     handlerName="Script"
                     name="DeployComponent">
                        <ConfigurationTables>
                            <ConfigurationTable
                             dataShapeName=""
                             description=""
                             isMultiRow="false"
                             name="Script"
                             ordinal="0">
                                <DataShape>
                                    <FieldDefinitions>
                                        <FieldDefinition
                                         baseType="STRING"
                                         description="code"
                                         name="code"
                                         ordinal="0"></FieldDefinition>
                                    </FieldDefinitions>
                                </DataShape>
                                <Rows>
                                    <Row>
                                        <code>
                                        <![CDATA[
                                        try {
                                        	me.RemoveUsersFromComposerUsers();
                                        	
                                            me.AddCustomPermissions();   
                                            me.SetIAMConfigurationComponentGroupMappingConfig();
                                            
                                        	me.AddMembersToDefaultUG();
                                            
                                        	me.UpdateBBPermissions();
                                            
                                        	me.UpdateIAMConfigs();
                                        
                                            me.UpdateRemoteThingPermissions();
                                            me.UpdateGenericThingPermissions();
                                            
                                            me.CleanUpEntities();
                                            
                                        	var result = true;
                                        } catch (err) {
                                        	logger.error("{} - {}:{} - {}", me.name, err.fileName, err.lineNumber, err);
                                        	throw ("An error has occurred. Please check the script logs for more details.");
                                        }
                                        ]]>
                                        </code>
                                    </Row>
                                </Rows>
                            </ConfigurationTable>
                        </ConfigurationTables>
                    </ServiceImplementation>
                    <ServiceImplementation
                     description=""
                     handlerName="Script"
                     name="RemoveUsersFromComposerUsers">
                        <ConfigurationTables>
                            <ConfigurationTable
                             dataShapeName=""
                             description=""
                             isMultiRow="false"
                             name="Script"
                             ordinal="0">
                                <DataShape>
                                    <FieldDefinitions>
                                        <FieldDefinition
                                         baseType="STRING"
                                         description="code"
                                         name="code"
                                         ordinal="0"></FieldDefinition>
                                    </FieldDefinitions>
                                </DataShape>
                                <Rows>
                                    <Row>
                                        <code>
                                        <![CDATA[
                                        try {
                                            Groups["ComposerUsers"].DeleteMember({
                                                member: "Users" /* STRING */ ,
                                                type: "Group" /* STRING */
                                            });
                                        } catch (err) {
                                        
                                        }
                                        ]]>
                                        </code>
                                    </Row>
                                </Rows>
                            </ConfigurationTable>
                        </ConfigurationTables>
                    </ServiceImplementation>
                    <ServiceImplementation
                     description=""
                     handlerName="Script"
                     name="SetIAMConfigurationComponentGroupMappingConfig">
                        <ConfigurationTables>
                            <ConfigurationTable
                             dataShapeName=""
                             description=""
                             isMultiRow="false"
                             name="Script"
                             ordinal="0">
                                <DataShape>
                                    <FieldDefinitions>
                                        <FieldDefinition
                                         baseType="STRING"
                                         description="code"
                                         name="code"
                                         ordinal="0"></FieldDefinition>
                                    </FieldDefinitions>
                                </DataShape>
                                <Rows>
                                    <Row>
                                        <code>
                                        <![CDATA[
                                        Things["PTCDTS.Base.Permissions.IAMConfiguration"].SetMultiRowConfigurationTable({
                                        	configurationTable: me.DefaultComponentGroupMapping/* INFOTABLE */,
                                        	persistent: true /* BOOLEAN {"defaultValue":true} */,
                                        	tableName: "BooleanComponentConfig" /* STRING */
                                        });
                                        ]]>
                                        </code>
                                    </Row>
                                </Rows>
                            </ConfigurationTable>
                        </ConfigurationTables>
                    </ServiceImplementation>
                    <ServiceImplementation
                     description=""
                     handlerName="Script"
                     name="StoreDefaultComponentMapping">
                        <ConfigurationTables>
                            <ConfigurationTable
                             dataShapeName=""
                             description=""
                             isMultiRow="false"
                             name="Script"
                             ordinal="0">
                                <DataShape>
                                    <FieldDefinitions>
                                        <FieldDefinition
                                         baseType="STRING"
                                         description="code"
                                         name="code"
                                         ordinal="0"></FieldDefinition>
                                    </FieldDefinitions>
                                </DataShape>
                                <Rows>
                                    <Row>
                                        <code>
                                        <![CDATA[
                                        // table: INFOTABLE dataShape: ""
                                        let table = Things["PTCDTS.Base.Permissions.IAMConfiguration"].GetConfigurationTable({
                                        	tableName: "BooleanComponentConfig" /* STRING */
                                        });
                                        
                                        me.DefaultComponentGroupMapping = table;
                                        ]]>
                                        </code>
                                    </Row>
                                </Rows>
                            </ConfigurationTable>
                        </ConfigurationTables>
                    </ServiceImplementation>
                    <ServiceImplementation
                     description=""
                     handlerName="Script"
                     name="UpdateBBPermissions">
                        <ConfigurationTables>
                            <ConfigurationTable
                             dataShapeName=""
                             description=""
                             isMultiRow="false"
                             name="Script"
                             ordinal="0">
                                <DataShape>
                                    <FieldDefinitions>
                                        <FieldDefinition
                                         baseType="STRING"
                                         description="code"
                                         name="code"
                                         ordinal="0"></FieldDefinition>
                                    </FieldDefinitions>
                                </DataShape>
                                <Rows>
                                    <Row>
                                        <code>
                                        <![CDATA[
                                        let permissionHelpers = ThingTemplates["PTCDTS.Base.ComponentPermissionHelper_TT"].QueryImplementingThings();
                                        permissionHelpers.rows.toArray().forEach(helper => {
                                            let bbName = helper.name.split(".ComponentPermissionHelper")[0];
                                            if (bbName && Projects[bbName]) {
                                                let bbOrg = bbName + ".Default_OR";
                                                if (bbOrg && Organizations[bbOrg]) {
                                                    let bbAdminGroup = bbName + ".Admin_UG";
                                        
                                                    //Create group if it doesn't exist
                                                    if (!Groups[bbAdminGroup]) {
                                                        Resources["EntityServices"].CreateGroup({
                                                            name: bbAdminGroup /* STRING */ ,
                                                            description: "Admin Group Created by PTCDTS.Base.Permissions Initialization" /* STRING */
                                                        });
                                                        Groups[bbAdminGroup].SetProjectName({
                                                            projectName: bbName /* PROJECTNAME */
                                                        });
                                                    }
                                        
                                                    //Add group to org if it isn't already
                                                    let isGroupInOrg = Organizations[bbOrg].IsInOrganization({
                                                        name: bbAdminGroup
                                                    });
                                        
                                                    if (!isGroupInOrg) {
                                                        let rootOrgUnit = Organizations[bbOrg].GetChildConnections({
                                                            name: undefined /* STRING */
                                                        }).to;
                                        
                                                        Organizations[bbOrg].AddOrganizationalUnit({
                                                            parentName: rootOrgUnit /* STRING */ ,
                                                            name: bbAdminGroup /* STRING */
                                                        });
                                                        Organizations[bbOrg].AddMember({
                                                            name: bbAdminGroup /* STRING */ ,
                                                            member: bbAdminGroup /* STRING */ ,
                                                            type: "Group" /* STRING */
                                                        });
                                                    }
                                        
                                                    //Set Component Permission Helper properties
                                                    Things[helper.name].draftRuntimeLabel = false;
                                                    Things[helper.name].draftVisibilityLabel = false;
                                                    Things[helper.name].rolesConfirmed = true;
                                                    Things[helper.name].runtimePermissionsSet = true;
                                                    Things[helper.name].visibilityPermissionsSet = true;
                                        
                                                    //Update Visbility permissions for BB Helper
                                                    let visibilityTable = Things[helper.name].GetConfigurationTable({
                                                        tableName: "VisibilityPermissionsTable" /* STRING */
                                                    });
                                        
                                                    Things[helper.name].SetVisibilityPermissions({
                                                        editedTable: visibilityTable /* INFOTABLE */
                                                    });
                                        
                                                    //Update Runtime permissions for BB Helper
                                                    let runtimeTable = Things[helper.name].GetConfigurationTable({
                                                        tableName: "RunTimePermissionsTable" /* STRING */
                                                    });
                                        
                                                    Things[helper.name].SetRuntimePermissions({
                                                        editedTable: runtimeTable /* INFOTABLE */
                                                    });
                                                }
                                            }
                                        });
                                        ]]>
                                        </code>
                                    </Row>
                                </Rows>
                            </ConfigurationTable>
                        </ConfigurationTables>
                    </ServiceImplementation>
                    <ServiceImplementation
                     description=""
                     handlerName="Script"
                     name="UpdateGenericThingPermissions">
                        <ConfigurationTables>
                            <ConfigurationTable
                             dataShapeName=""
                             description=""
                             isMultiRow="false"
                             name="Script"
                             ordinal="0">
                                <DataShape>
                                    <FieldDefinitions>
                                        <FieldDefinition
                                         baseType="STRING"
                                         description="code"
                                         name="code"
                                         ordinal="0"></FieldDefinition>
                                    </FieldDefinitions>
                                </DataShape>
                                <Rows>
                                    <Row>
                                        <code>
                                        <![CDATA[
                                        ThingTemplates["GenericThing"].AddInstanceRunTimePermission({
                                        	principal: "PTCDTS.Base.Permissions.Default_UG" /* STRING */,
                                        	allow: true /* BOOLEAN */,
                                        	resource: "GetNamedProperties" /* STRING */,
                                        	type: "ServiceInvoke" /* STRING */,
                                        	principalType: "Group" /* STRING */
                                        });
                                        
                                        ThingTemplates["GenericThing"].AddInstanceRunTimePermission({
                                        	principal: "PTCDTS.Base.Permissions.Default_UG" /* STRING */,
                                        	allow: true /* BOOLEAN */,
                                        	resource: "GetConfigurationTable" /* STRING */,
                                        	type: "ServiceInvoke" /* STRING */,
                                        	principalType: "Group" /* STRING */
                                        });
                                        ]]>
                                        </code>
                                    </Row>
                                </Rows>
                            </ConfigurationTable>
                        </ConfigurationTables>
                    </ServiceImplementation>
                    <ServiceImplementation
                     description=""
                     handlerName="Script"
                     name="UpdateIAMConfigs">
                        <ConfigurationTables>
                            <ConfigurationTable
                             dataShapeName=""
                             description=""
                             isMultiRow="false"
                             name="Script"
                             ordinal="0">
                                <DataShape>
                                    <FieldDefinitions>
                                        <FieldDefinition
                                         baseType="STRING"
                                         description="code"
                                         name="code"
                                         ordinal="0"></FieldDefinition>
                                    </FieldDefinitions>
                                </DataShape>
                                <Rows>
                                    <Row>
                                        <code>
                                        <![CDATA[
                                        Things["PTCDTS.Base.Manager"].CreateComponentIAMGroupMapConfig();
                                        
                                        let roleTable = Things["PTCDTS.Base.Permissions.IAMConfiguration"].GetConfigurationTable({
                                            tableName: "BooleanComponentConfig" /* STRING */
                                        });	
                                        
                                        Things["PTCDTS.Base.Manager"].UpdateBoolComponentTable({
                                            editedTable: roleTable /* INFOTABLE {"dataShape":"PTCDTS.Base.ComponentGroupMapping_DS"} */
                                        });
                                        ]]>
                                        </code>
                                    </Row>
                                </Rows>
                            </ConfigurationTable>
                        </ConfigurationTables>
                    </ServiceImplementation>
                    <ServiceImplementation
                     description=""
                     handlerName="Script"
                     name="UpdateRemoteThingPermissions">
                        <ConfigurationTables>
                            <ConfigurationTable
                             dataShapeName=""
                             description=""
                             isMultiRow="false"
                             name="Script"
                             ordinal="0">
                                <DataShape>
                                    <FieldDefinitions>
                                        <FieldDefinition
                                         baseType="STRING"
                                         description="code"
                                         name="code"
                                         ordinal="0"></FieldDefinition>
                                    </FieldDefinitions>
                                </DataShape>
                                <Rows>
                                    <Row>
                                        <code>
                                        <![CDATA[
                                        ThingTemplates["RemoteThing"].AddInstanceVisibilityPermission({
                                        	principal: "PTCDTS.Base.Permissions.Default_OR" /* STRING */,
                                        	principalType: "Organization" /* STRING */
                                        });
                                        
                                        ThingTemplates["RemoteThing"].AddInstanceRunTimePermission({
                                        	principal: "PTCDTS.Base.Permissions.Default_UG" /* STRING */,
                                        	allow: true /* BOOLEAN */,
                                        	resource: "*" /* STRING */,
                                        	type: "ServiceInvoke" /* STRING */,
                                        	principalType: "Group" /* STRING */
                                        });
                                        ]]>
                                        </code>
                                    </Row>
                                </Rows>
                            </ConfigurationTable>
                        </ConfigurationTables>
                    </ServiceImplementation>
                </ServiceImplementations>
                <Subscriptions></Subscriptions>
            </ThingShape>
            <ImplementedShapes></ImplementedShapes>
            <SharedConfigurationTables></SharedConfigurationTables>
            <InstanceDesignTimePermissions>
                <Create></Create>
                <Read></Read>
                <Update></Update>
                <Delete></Delete>
                <Metadata></Metadata>
            </InstanceDesignTimePermissions>
            <InstanceRunTimePermissions></InstanceRunTimePermissions>
            <InstanceVisibilityPermissions>
                <Visibility></Visibility>
            </InstanceVisibilityPermissions>
        </ThingTemplate>
    </ThingTemplates>
</Entities>
