<?xml version="1.0" encoding="UTF-8"?>
<Entities
 majorVersion="9"
 minorVersion="5"
 universal="password">
    <Networks>
        <Network
         aspect.isExtension="true"
         description="This Network houses relationships between Associations and can be configured to include an association's assets as well."
         documentationContent=""
         homeMashup=""
         name="PTCDTS.Base.Permissions.AssociationNetwork_NW"
         projectName="PTCDTS.Base.Permissions"
         tags="">
            <avatar></avatar>
            <DesignTimePermissions>
                <Create></Create>
                <Read></Read>
                <Update></Update>
                <Delete></Delete>
                <Metadata></Metadata>
            </DesignTimePermissions>
            <RunTimePermissions>
                <Permissions
                 resourceName="*">
                    <PropertyRead></PropertyRead>
                    <PropertyWrite></PropertyWrite>
                    <ServiceInvoke>
                        <Principal
                         isPermitted="true"
                         name="PTCDTS.Base.Permissions.Default_UG"
                         type="Group"></Principal>
                    </ServiceInvoke>
                    <EventInvoke></EventInvoke>
                    <EventSubscribe></EventSubscribe>
                </Permissions>
            </RunTimePermissions>
            <VisibilityPermissions>
                <Visibility>
                    <Principal
                     isPermitted="true"
                     name="PTCDTS.Base.Permissions.Default_OR"
                     type="Organization"></Principal>
                </Visibility>
            </VisibilityPermissions>
            <ConfigurationTableDefinitions></ConfigurationTableDefinitions>
            <ConfigurationTables></ConfigurationTables>
            <Connections></Connections>
        </Network>
    </Networks>
</Entities>
