<?xml version="1.0" encoding="UTF-8"?>
<Entities
 majorVersion="9"
 minorVersion="5"
 universal="password">
    <ThingShapes>
        <ThingShape
         aspect.isExtension="true"
         aspect.isSystemObject="false"
         className=""
         description="Contains the default security model for DPM"
         documentationContent=""
         homeMashup=""
         name="PTCDTS.Base.Permissions.Management_TS"
         projectName="PTCDTS.Base.Permissions"
         tags="">
            <PropertyDefinitions></PropertyDefinitions>
            <ServiceDefinitions></ServiceDefinitions>
            <EventDefinitions></EventDefinitions>
            <ServiceMappings></ServiceMappings>
            <ServiceImplementations></ServiceImplementations>
            <Subscriptions></Subscriptions>
            <avatar></avatar>
            <DesignTimePermissions>
                <Create></Create>
                <Read></Read>
                <Update></Update>
                <Delete></Delete>
                <Metadata></Metadata>
            </DesignTimePermissions>
            <RunTimePermissions></RunTimePermissions>
            <VisibilityPermissions>
                <Visibility></Visibility>
            </VisibilityPermissions>
            <ConfigurationTableDefinitions></ConfigurationTableDefinitions>
            <ConfigurationTables></ConfigurationTables>
            <PropertyBindings></PropertyBindings>
            <RemotePropertyBindings></RemotePropertyBindings>
            <RemoteServiceBindings></RemoteServiceBindings>
            <RemoteEventBindings></RemoteEventBindings>
            <AlertConfigurations></AlertConfigurations>
            <InstanceRunTimePermissions></InstanceRunTimePermissions>
        </ThingShape>
    </ThingShapes>
</Entities>
