<?xml version="1.0" encoding="UTF-8"?>
<Entities
 majorVersion="9"
 minorVersion="5"
 universal="password">
    <Things>
        <Thing
         aspect.isExtension="true"
         aspect.isSystemObject="false"
         description="Component Helper to set up permissions for PTC.Scorecard"
         documentationContent=""
         effectiveThingPackage="ConfiguredThing"
         enabled="true"
         homeMashup="PTCDTS.Base.ComponentHelperPermissions_MU"
         identifier=""
         inheritedValueStream=""
         name="PTC.Scorecard.ComponentPermissionHelper"
         projectName="PTCDTS.Base.Permissions"
         published="false"
         tags=""
         thingTemplate="PTCDTS.Base.ComponentPermissionHelper_TT"
         valueStream="">
            <avatar></avatar>
            <DesignTimePermissions>
                <Create></Create>
                <Read></Read>
                <Update></Update>
                <Delete></Delete>
                <Metadata></Metadata>
            </DesignTimePermissions>
            <RunTimePermissions></RunTimePermissions>
            <VisibilityPermissions>
                <Visibility></Visibility>
            </VisibilityPermissions>
            <ConfigurationTableDefinitions>
                <ConfigurationTableDefinition
                 category=""
                 dataShapeName="PTC.Scorecard.VisibilityPermissions_DS"
                 description=""
                 isHidden="false"
                 isMultiRow="true"
                 name="VisibilityPermissionsTable"
                 ordinal="0"
                 source="REST"></ConfigurationTableDefinition>
                <ConfigurationTableDefinition
                 category=""
                 dataShapeName="PTC.Scorecard.RunTimePermissions_DS"
                 description=""
                 isHidden="false"
                 isMultiRow="true"
                 name="RunTimePermissionsTable"
                 ordinal="0"
                 source="REST"></ConfigurationTableDefinition>
            </ConfigurationTableDefinitions>
            <ConfigurationTables>
                <ConfigurationTable
                 dataShapeName=""
                 description=""
                 isMultiRow="false"
                 name="ProjectNameConfiguration"
                 ordinal="0">
                    <DataShape>
                        <FieldDefinitions>
                            <FieldDefinition
                             aspect.isPrimaryKey="true"
                             baseType="STRING"
                             description="Item"
                             name="item"
                             ordinal="1"></FieldDefinition>
                        </FieldDefinitions>
                    </DataShape>
                    <Rows>
                        <Row>
                            <item>
                            <![CDATA[
                            PTC.Scorecard
                            ]]>
                            </item>
                        </Row>
                    </Rows>
                </ConfigurationTable>
                <ConfigurationTable
                 dataShapeName=""
                 description=""
                 isMultiRow="true"
                 name="RoleGroupsAndOrganizations"
                 ordinal="0">
                    <DataShape>
                        <FieldDefinitions>
                            <FieldDefinition
                             aspect.isPrimaryKey="true"
                             baseType="STRING"
                             description=""
                             name="displayName"
                             ordinal="1"></FieldDefinition>
                            <FieldDefinition
                             aspect.isPrimaryKey="false"
                             baseType="STRING"
                             description=""
                             name="principal"
                             ordinal="2"></FieldDefinition>
                            <FieldDefinition
                             aspect.isPrimaryKey="false"
                             baseType="STRING"
                             description=""
                             name="principalType"
                             ordinal="3"></FieldDefinition>
                        </FieldDefinitions>
                    </DataShape>
                    <Rows>
                        <Row>
                            <displayName>
                            <![CDATA[
                            allUsersGroup
                            ]]>
                            </displayName>
                            <principal>
                            <![CDATA[
                            PTC.Scorecard.Default_UG
                            ]]>
                            </principal>
                            <principalType>
                            <![CDATA[
                            Group
                            ]]>
                            </principalType>
                        </Row>
                        <Row>
                            <displayName>
                            <![CDATA[
                            allUsersOrg
                            ]]>
                            </displayName>
                            <principal>
                            <![CDATA[
                            PTC.Scorecard.Default_OR
                            ]]>
                            </principal>
                            <principalType>
                            <![CDATA[
                            Organization
                            ]]>
                            </principalType>
                        </Row>
                    </Rows>
                </ConfigurationTable>
                <ConfigurationTable
                 dataShapeName="PTC.Scorecard.RunTimePermissions_DS"
                 description=""
                 isMultiRow="true"
                 name="RunTimePermissionsTable"
                 ordinal="0">
                    <DataShape>
                        <FieldDefinitions>
                            <FieldDefinition
                             baseType="BOOLEAN"
                             description=""
                             name="allUsersGroup"
                             ordinal="7"></FieldDefinition>
                            <FieldDefinition
                             baseType="STRING"
                             description=""
                             name="entityName"
                             ordinal="4"></FieldDefinition>
                            <FieldDefinition
                             baseType="STRING"
                             description=""
                             name="entityType"
                             ordinal="3"></FieldDefinition>
                            <FieldDefinition
                             aspect.isPrimaryKey="true"
                             baseType="NUMBER"
                             description=""
                             name="ID"
                             ordinal="1"></FieldDefinition>
                            <FieldDefinition
                             baseType="STRING"
                             description=""
                             name="resource"
                             ordinal="5"></FieldDefinition>
                            <FieldDefinition
                             aspect.defaultValue="Live"
                             baseType="STRING"
                             description=""
                             name="Status"
                             ordinal="2"></FieldDefinition>
                            <FieldDefinition
                             baseType="STRING"
                             description=""
                             name="type"
                             ordinal="6"></FieldDefinition>
                        </FieldDefinitions>
                    </DataShape>
                    <Rows>
                        <Row>
                            <ID>0.0</ID>
                            <Status>
                            <![CDATA[
                            Live
                            ]]>
                            </Status>
                            <allUsersGroup>false</allUsersGroup>
                            <entityName>
                            <![CDATA[
                            PTC.Scorecard.EntryPoint
                            ]]>
                            </entityName>
                            <entityType>
                            <![CDATA[
                            Thing
                            ]]>
                            </entityType>
                            <resource>
                            <![CDATA[
                            *
                            ]]>
                            </resource>
                            <type>
                            <![CDATA[
                            ServiceInvoke
                            ]]>
                            </type>
                        </Row>
                        <Row>
                            <ID>1.0</ID>
                            <Status>
                            <![CDATA[
                            Live
                            ]]>
                            </Status>
                            <allUsersGroup>false</allUsersGroup>
                            <entityName>
                            <![CDATA[
                            PTC.Scorecard.EntryPoint
                            ]]>
                            </entityName>
                            <entityType>
                            <![CDATA[
                            Thing
                            ]]>
                            </entityType>
                            <resource>
                            <![CDATA[
                            *
                            ]]>
                            </resource>
                            <type>
                            <![CDATA[
                            PropertyRead
                            ]]>
                            </type>
                        </Row>
                        <Row>
                            <ID>2.0</ID>
                            <Status>
                            <![CDATA[
                            Live
                            ]]>
                            </Status>
                            <allUsersGroup>false</allUsersGroup>
                            <entityName>
                            <![CDATA[
                            PTC.Scorecard.EntryPoint
                            ]]>
                            </entityName>
                            <entityType>
                            <![CDATA[
                            Thing
                            ]]>
                            </entityType>
                            <resource>
                            <![CDATA[
                            *
                            ]]>
                            </resource>
                            <type>
                            <![CDATA[
                            PropertyWrite
                            ]]>
                            </type>
                        </Row>
                        <Row>
                            <ID>3.0</ID>
                            <Status>
                            <![CDATA[
                            Live
                            ]]>
                            </Status>
                            <allUsersGroup>false</allUsersGroup>
                            <entityName>
                            <![CDATA[
                            PTC.Scorecard.EntryPoint
                            ]]>
                            </entityName>
                            <entityType>
                            <![CDATA[
                            Thing
                            ]]>
                            </entityType>
                            <resource>
                            <![CDATA[
                            *
                            ]]>
                            </resource>
                            <type>
                            <![CDATA[
                            EventInvoke
                            ]]>
                            </type>
                        </Row>
                        <Row>
                            <ID>4.0</ID>
                            <Status>
                            <![CDATA[
                            Live
                            ]]>
                            </Status>
                            <allUsersGroup>false</allUsersGroup>
                            <entityName>
                            <![CDATA[
                            PTC.Scorecard.EntryPoint
                            ]]>
                            </entityName>
                            <entityType>
                            <![CDATA[
                            Thing
                            ]]>
                            </entityType>
                            <resource>
                            <![CDATA[
                            *
                            ]]>
                            </resource>
                            <type>
                            <![CDATA[
                            EventSubscribe
                            ]]>
                            </type>
                        </Row>
                        <Row>
                            <ID>5.0</ID>
                            <Status>
                            <![CDATA[
                            Live
                            ]]>
                            </Status>
                            <allUsersGroup>false</allUsersGroup>
                            <entityName>
                            <![CDATA[
                            PTC.Scorecard.EntryPoint_TT
                            ]]>
                            </entityName>
                            <entityType>
                            <![CDATA[
                            ThingTemplate
                            ]]>
                            </entityType>
                            <resource>
                            <![CDATA[
                            *
                            ]]>
                            </resource>
                            <type>
                            <![CDATA[
                            ServiceInvoke
                            ]]>
                            </type>
                        </Row>
                        <Row>
                            <ID>6.0</ID>
                            <Status>
                            <![CDATA[
                            Live
                            ]]>
                            </Status>
                            <allUsersGroup>false</allUsersGroup>
                            <entityName>
                            <![CDATA[
                            PTC.Scorecard.EntryPoint_TT
                            ]]>
                            </entityName>
                            <entityType>
                            <![CDATA[
                            ThingTemplate
                            ]]>
                            </entityType>
                            <resource>
                            <![CDATA[
                            *
                            ]]>
                            </resource>
                            <type>
                            <![CDATA[
                            PropertyRead
                            ]]>
                            </type>
                        </Row>
                        <Row>
                            <ID>7.0</ID>
                            <Status>
                            <![CDATA[
                            Live
                            ]]>
                            </Status>
                            <allUsersGroup>false</allUsersGroup>
                            <entityName>
                            <![CDATA[
                            PTC.Scorecard.EntryPoint_TT
                            ]]>
                            </entityName>
                            <entityType>
                            <![CDATA[
                            ThingTemplate
                            ]]>
                            </entityType>
                            <resource>
                            <![CDATA[
                            *
                            ]]>
                            </resource>
                            <type>
                            <![CDATA[
                            PropertyWrite
                            ]]>
                            </type>
                        </Row>
                        <Row>
                            <ID>8.0</ID>
                            <Status>
                            <![CDATA[
                            Live
                            ]]>
                            </Status>
                            <allUsersGroup>false</allUsersGroup>
                            <entityName>
                            <![CDATA[
                            PTC.Scorecard.EntryPoint_TT
                            ]]>
                            </entityName>
                            <entityType>
                            <![CDATA[
                            ThingTemplate
                            ]]>
                            </entityType>
                            <resource>
                            <![CDATA[
                            *
                            ]]>
                            </resource>
                            <type>
                            <![CDATA[
                            EventInvoke
                            ]]>
                            </type>
                        </Row>
                        <Row>
                            <ID>9.0</ID>
                            <Status>
                            <![CDATA[
                            Live
                            ]]>
                            </Status>
                            <allUsersGroup>false</allUsersGroup>
                            <entityName>
                            <![CDATA[
                            PTC.Scorecard.EntryPoint_TT
                            ]]>
                            </entityName>
                            <entityType>
                            <![CDATA[
                            ThingTemplate
                            ]]>
                            </entityType>
                            <resource>
                            <![CDATA[
                            *
                            ]]>
                            </resource>
                            <type>
                            <![CDATA[
                            EventSubscribe
                            ]]>
                            </type>
                        </Row>
                        <Row>
                            <ID>10.0</ID>
                            <Status>
                            <![CDATA[
                            Live
                            ]]>
                            </Status>
                            <allUsersGroup>false</allUsersGroup>
                            <entityName>
                            <![CDATA[
                            PTC.Scorecard.Management_TS
                            ]]>
                            </entityName>
                            <entityType>
                            <![CDATA[
                            ThingShape
                            ]]>
                            </entityType>
                            <resource>
                            <![CDATA[
                            *
                            ]]>
                            </resource>
                            <type>
                            <![CDATA[
                            ServiceInvoke
                            ]]>
                            </type>
                        </Row>
                        <Row>
                            <ID>11.0</ID>
                            <Status>
                            <![CDATA[
                            Live
                            ]]>
                            </Status>
                            <allUsersGroup>false</allUsersGroup>
                            <entityName>
                            <![CDATA[
                            PTC.Scorecard.Management_TS
                            ]]>
                            </entityName>
                            <entityType>
                            <![CDATA[
                            ThingShape
                            ]]>
                            </entityType>
                            <resource>
                            <![CDATA[
                            *
                            ]]>
                            </resource>
                            <type>
                            <![CDATA[
                            PropertyRead
                            ]]>
                            </type>
                        </Row>
                        <Row>
                            <ID>12.0</ID>
                            <Status>
                            <![CDATA[
                            Live
                            ]]>
                            </Status>
                            <allUsersGroup>false</allUsersGroup>
                            <entityName>
                            <![CDATA[
                            PTC.Scorecard.Management_TS
                            ]]>
                            </entityName>
                            <entityType>
                            <![CDATA[
                            ThingShape
                            ]]>
                            </entityType>
                            <resource>
                            <![CDATA[
                            *
                            ]]>
                            </resource>
                            <type>
                            <![CDATA[
                            PropertyWrite
                            ]]>
                            </type>
                        </Row>
                        <Row>
                            <ID>13.0</ID>
                            <Status>
                            <![CDATA[
                            Live
                            ]]>
                            </Status>
                            <allUsersGroup>false</allUsersGroup>
                            <entityName>
                            <![CDATA[
                            PTC.Scorecard.Management_TS
                            ]]>
                            </entityName>
                            <entityType>
                            <![CDATA[
                            ThingShape
                            ]]>
                            </entityType>
                            <resource>
                            <![CDATA[
                            *
                            ]]>
                            </resource>
                            <type>
                            <![CDATA[
                            EventInvoke
                            ]]>
                            </type>
                        </Row>
                        <Row>
                            <ID>14.0</ID>
                            <Status>
                            <![CDATA[
                            Live
                            ]]>
                            </Status>
                            <allUsersGroup>false</allUsersGroup>
                            <entityName>
                            <![CDATA[
                            PTC.Scorecard.Management_TS
                            ]]>
                            </entityName>
                            <entityType>
                            <![CDATA[
                            ThingShape
                            ]]>
                            </entityType>
                            <resource>
                            <![CDATA[
                            *
                            ]]>
                            </resource>
                            <type>
                            <![CDATA[
                            EventSubscribe
                            ]]>
                            </type>
                        </Row>
                        <Row>
                            <ID>15.0</ID>
                            <Status>
                            <![CDATA[
                            Live
                            ]]>
                            </Status>
                            <allUsersGroup>true</allUsersGroup>
                            <entityName>
                            <![CDATA[
                            PTC.Scorecard.Management_TS
                            ]]>
                            </entityName>
                            <entityType>
                            <![CDATA[
                            ThingShape
                            ]]>
                            </entityType>
                            <resource>
                            <![CDATA[
                            GetMetricBreadcrumb
                            ]]>
                            </resource>
                            <type>
                            <![CDATA[
                            ServiceInvoke
                            ]]>
                            </type>
                        </Row>
                        <Row>
                            <ID>16.0</ID>
                            <Status>
                            <![CDATA[
                            Live
                            ]]>
                            </Status>
                            <allUsersGroup>true</allUsersGroup>
                            <entityName>
                            <![CDATA[
                            PTC.Scorecard.Management_TS
                            ]]>
                            </entityName>
                            <entityType>
                            <![CDATA[
                            ThingShape
                            ]]>
                            </entityType>
                            <resource>
                            <![CDATA[
                            GetNormalizedTargetForTrendLine
                            ]]>
                            </resource>
                            <type>
                            <![CDATA[
                            ServiceInvoke
                            ]]>
                            </type>
                        </Row>
                        <Row>
                            <ID>17.0</ID>
                            <Status>
                            <![CDATA[
                            Live
                            ]]>
                            </Status>
                            <allUsersGroup>true</allUsersGroup>
                            <entityName>
                            <![CDATA[
                            PTC.Scorecard.Management_TS
                            ]]>
                            </entityName>
                            <entityType>
                            <![CDATA[
                            ThingShape
                            ]]>
                            </entityType>
                            <resource>
                            <![CDATA[
                            GetPercentageChangeIcon
                            ]]>
                            </resource>
                            <type>
                            <![CDATA[
                            ServiceInvoke
                            ]]>
                            </type>
                        </Row>
                        <Row>
                            <ID>18.0</ID>
                            <Status>
                            <![CDATA[
                            Live
                            ]]>
                            </Status>
                            <allUsersGroup>true</allUsersGroup>
                            <entityName>
                            <![CDATA[
                            PTC.Scorecard.Management_TS
                            ]]>
                            </entityName>
                            <entityType>
                            <![CDATA[
                            ThingShape
                            ]]>
                            </entityType>
                            <resource>
                            <![CDATA[
                            GetMetricsListToolBarConfiguration
                            ]]>
                            </resource>
                            <type>
                            <![CDATA[
                            ServiceInvoke
                            ]]>
                            </type>
                        </Row>
                        <Row>
                            <ID>19.0</ID>
                            <Status>
                            <![CDATA[
                            Live
                            ]]>
                            </Status>
                            <allUsersGroup>true</allUsersGroup>
                            <entityName>
                            <![CDATA[
                            PTC.Scorecard.Management_TS
                            ]]>
                            </entityName>
                            <entityType>
                            <![CDATA[
                            ThingShape
                            ]]>
                            </entityType>
                            <resource>
                            <![CDATA[
                            GetAllMetrics
                            ]]>
                            </resource>
                            <type>
                            <![CDATA[
                            ServiceInvoke
                            ]]>
                            </type>
                        </Row>
                        <Row>
                            <ID>20.0</ID>
                            <Status>
                            <![CDATA[
                            Live
                            ]]>
                            </Status>
                            <allUsersGroup>true</allUsersGroup>
                            <entityName>
                            <![CDATA[
                            PTC.Scorecard.Management_TS
                            ]]>
                            </entityName>
                            <entityType>
                            <![CDATA[
                            ThingShape
                            ]]>
                            </entityType>
                            <resource>
                            <![CDATA[
                            GetFormattedValue
                            ]]>
                            </resource>
                            <type>
                            <![CDATA[
                            ServiceInvoke
                            ]]>
                            </type>
                        </Row>
                        <Row>
                            <ID>21.0</ID>
                            <Status>
                            <![CDATA[
                            Live
                            ]]>
                            </Status>
                            <allUsersGroup>true</allUsersGroup>
                            <entityName>
                            <![CDATA[
                            PTC.Scorecard.Management_TS
                            ]]>
                            </entityName>
                            <entityType>
                            <![CDATA[
                            ThingShape
                            ]]>
                            </entityType>
                            <resource>
                            <![CDATA[
                            GetTargetForMetrics
                            ]]>
                            </resource>
                            <type>
                            <![CDATA[
                            ServiceInvoke
                            ]]>
                            </type>
                        </Row>
                        <Row>
                            <ID>22.0</ID>
                            <Status>
                            <![CDATA[
                            Live
                            ]]>
                            </Status>
                            <allUsersGroup>true</allUsersGroup>
                            <entityName>
                            <![CDATA[
                            PTC.Scorecard.Management_TS
                            ]]>
                            </entityName>
                            <entityType>
                            <![CDATA[
                            ThingShape
                            ]]>
                            </entityType>
                            <resource>
                            <![CDATA[
                            AddCardToParent
                            ]]>
                            </resource>
                            <type>
                            <![CDATA[
                            ServiceInvoke
                            ]]>
                            </type>
                        </Row>
                        <Row>
                            <ID>23.0</ID>
                            <Status>
                            <![CDATA[
                            Live
                            ]]>
                            </Status>
                            <allUsersGroup>true</allUsersGroup>
                            <entityName>
                            <![CDATA[
                            PTC.Scorecard.Management_TS
                            ]]>
                            </entityName>
                            <entityType>
                            <![CDATA[
                            ThingShape
                            ]]>
                            </entityType>
                            <resource>
                            <![CDATA[
                            GetStatusIconAndLabel
                            ]]>
                            </resource>
                            <type>
                            <![CDATA[
                            ServiceInvoke
                            ]]>
                            </type>
                        </Row>
                        <Row>
                            <ID>24.0</ID>
                            <Status>
                            <![CDATA[
                            Live
                            ]]>
                            </Status>
                            <allUsersGroup>true</allUsersGroup>
                            <entityName>
                            <![CDATA[
                            PTC.Scorecard.Management_TS
                            ]]>
                            </entityName>
                            <entityType>
                            <![CDATA[
                            ThingShape
                            ]]>
                            </entityType>
                            <resource>
                            <![CDATA[
                            GetStatusThresholdForModels
                            ]]>
                            </resource>
                            <type>
                            <![CDATA[
                            ServiceInvoke
                            ]]>
                            </type>
                        </Row>
                        <Row>
                            <ID>25.0</ID>
                            <Status>
                            <![CDATA[
                            Live
                            ]]>
                            </Status>
                            <allUsersGroup>true</allUsersGroup>
                            <entityName>
                            <![CDATA[
                            PTC.Scorecard.Management_TS
                            ]]>
                            </entityName>
                            <entityType>
                            <![CDATA[
                            ThingShape
                            ]]>
                            </entityType>
                            <resource>
                            <![CDATA[
                            RemoveCardFromParent
                            ]]>
                            </resource>
                            <type>
                            <![CDATA[
                            ServiceInvoke
                            ]]>
                            </type>
                        </Row>
                        <Row>
                            <ID>26.0</ID>
                            <Status>
                            <![CDATA[
                            Live
                            ]]>
                            </Status>
                            <allUsersGroup>true</allUsersGroup>
                            <entityName>
                            <![CDATA[
                            PTC.Scorecard.Management_TS
                            ]]>
                            </entityName>
                            <entityType>
                            <![CDATA[
                            ThingShape
                            ]]>
                            </entityType>
                            <resource>
                            <![CDATA[
                            LocalizeToken
                            ]]>
                            </resource>
                            <type>
                            <![CDATA[
                            ServiceInvoke
                            ]]>
                            </type>
                        </Row>
                        <Row>
                            <ID>27.0</ID>
                            <Status>
                            <![CDATA[
                            Live
                            ]]>
                            </Status>
                            <allUsersGroup>true</allUsersGroup>
                            <entityName>
                            <![CDATA[
                            PTC.Scorecard.Management_TS
                            ]]>
                            </entityName>
                            <entityType>
                            <![CDATA[
                            ThingShape
                            ]]>
                            </entityType>
                            <resource>
                            <![CDATA[
                            GetMetricDisplayName
                            ]]>
                            </resource>
                            <type>
                            <![CDATA[
                            ServiceInvoke
                            ]]>
                            </type>
                        </Row>
                        <Row>
                            <ID>28.0</ID>
                            <Status>
                            <![CDATA[
                            Live
                            ]]>
                            </Status>
                            <allUsersGroup>true</allUsersGroup>
                            <entityName>
                            <![CDATA[
                            PTC.Scorecard.Management_TS
                            ]]>
                            </entityName>
                            <entityType>
                            <![CDATA[
                            ThingShape
                            ]]>
                            </entityType>
                            <resource>
                            <![CDATA[
                            GetKPIAnalysisManager
                            ]]>
                            </resource>
                            <type>
                            <![CDATA[
                            ServiceInvoke
                            ]]>
                            </type>
                        </Row>
                        <Row>
                            <ID>29.0</ID>
                            <Status>
                            <![CDATA[
                            Live
                            ]]>
                            </Status>
                            <allUsersGroup>true</allUsersGroup>
                            <entityName>
                            <![CDATA[
                            PTC.Scorecard.Management_TS
                            ]]>
                            </entityName>
                            <entityType>
                            <![CDATA[
                            ThingShape
                            ]]>
                            </entityType>
                            <resource>
                            <![CDATA[
                            GetTrendDisplayData
                            ]]>
                            </resource>
                            <type>
                            <![CDATA[
                            ServiceInvoke
                            ]]>
                            </type>
                        </Row>
                        <Row>
                            <ID>30.0</ID>
                            <Status>
                            <![CDATA[
                            Live
                            ]]>
                            </Status>
                            <allUsersGroup>true</allUsersGroup>
                            <entityName>
                            <![CDATA[
                            PTC.Scorecard.Management_TS
                            ]]>
                            </entityName>
                            <entityType>
                            <![CDATA[
                            ThingShape
                            ]]>
                            </entityType>
                            <resource>
                            <![CDATA[
                            GetTotalTime
                            ]]>
                            </resource>
                            <type>
                            <![CDATA[
                            ServiceInvoke
                            ]]>
                            </type>
                        </Row>
                        <Row>
                            <ID>31.0</ID>
                            <Status>
                            <![CDATA[
                            Live
                            ]]>
                            </Status>
                            <allUsersGroup>true</allUsersGroup>
                            <entityName>
                            <![CDATA[
                            PTC.Scorecard.Management_TS
                            ]]>
                            </entityName>
                            <entityType>
                            <![CDATA[
                            ThingShape
                            ]]>
                            </entityType>
                            <resource>
                            <![CDATA[
                            GetNormalizedValue
                            ]]>
                            </resource>
                            <type>
                            <![CDATA[
                            ServiceInvoke
                            ]]>
                            </type>
                        </Row>
                        <Row>
                            <ID>32.0</ID>
                            <Status>
                            <![CDATA[
                            Live
                            ]]>
                            </Status>
                            <allUsersGroup>true</allUsersGroup>
                            <entityName>
                            <![CDATA[
                            PTC.Scorecard.Management_TS
                            ]]>
                            </entityName>
                            <entityType>
                            <![CDATA[
                            ThingShape
                            ]]>
                            </entityType>
                            <resource>
                            <![CDATA[
                            GetMetricsList
                            ]]>
                            </resource>
                            <type>
                            <![CDATA[
                            ServiceInvoke
                            ]]>
                            </type>
                        </Row>
                        <Row>
                            <ID>33.0</ID>
                            <Status>
                            <![CDATA[
                            Live
                            ]]>
                            </Status>
                            <allUsersGroup>true</allUsersGroup>
                            <entityName>
                            <![CDATA[
                            PTC.Scorecard.Management_TS
                            ]]>
                            </entityName>
                            <entityType>
                            <![CDATA[
                            ThingShape
                            ]]>
                            </entityType>
                            <resource>
                            <![CDATA[
                            GetTargetForModels
                            ]]>
                            </resource>
                            <type>
                            <![CDATA[
                            ServiceInvoke
                            ]]>
                            </type>
                        </Row>
                        <Row>
                            <ID>34.0</ID>
                            <Status>
                            <![CDATA[
                            Live
                            ]]>
                            </Status>
                            <allUsersGroup>true</allUsersGroup>
                            <entityName>
                            <![CDATA[
                            PTC.Scorecard.Management_TS
                            ]]>
                            </entityName>
                            <entityType>
                            <![CDATA[
                            ThingShape
                            ]]>
                            </entityType>
                            <resource>
                            <![CDATA[
                            GetMetricDetailToolbarConfiguration
                            ]]>
                            </resource>
                            <type>
                            <![CDATA[
                            ServiceInvoke
                            ]]>
                            </type>
                        </Row>
                        <Row>
                            <ID>35.0</ID>
                            <Status>
                            <![CDATA[
                            Live
                            ]]>
                            </Status>
                            <allUsersGroup>true</allUsersGroup>
                            <entityName>
                            <![CDATA[
                            PTC.Scorecard.Management_TS
                            ]]>
                            </entityName>
                            <entityType>
                            <![CDATA[
                            ThingShape
                            ]]>
                            </entityType>
                            <resource>
                            <![CDATA[
                            GetMetricInfoForChildPerformanceCards
                            ]]>
                            </resource>
                            <type>
                            <![CDATA[
                            ServiceInvoke
                            ]]>
                            </type>
                        </Row>
                        <Row>
                            <ID>36.0</ID>
                            <Status>
                            <![CDATA[
                            Live
                            ]]>
                            </Status>
                            <allUsersGroup>true</allUsersGroup>
                            <entityName>
                            <![CDATA[
                            PTC.Scorecard.Management_TS
                            ]]>
                            </entityName>
                            <entityType>
                            <![CDATA[
                            ThingShape
                            ]]>
                            </entityType>
                            <resource>
                            <![CDATA[
                            GetStatusThresholdForMetrics
                            ]]>
                            </resource>
                            <type>
                            <![CDATA[
                            ServiceInvoke
                            ]]>
                            </type>
                        </Row>
                        <Row>
                            <ID>37.0</ID>
                            <Status>
                            <![CDATA[
                            Live
                            ]]>
                            </Status>
                            <allUsersGroup>true</allUsersGroup>
                            <entityName>
                            <![CDATA[
                            PTC.Scorecard.Management_TS
                            ]]>
                            </entityName>
                            <entityType>
                            <![CDATA[
                            ThingShape
                            ]]>
                            </entityType>
                            <resource>
                            <![CDATA[
                            SelectCardInParent
                            ]]>
                            </resource>
                            <type>
                            <![CDATA[
                            ServiceInvoke
                            ]]>
                            </type>
                        </Row>
                        <Row>
                            <ID>38.0</ID>
                            <Status>
                            <![CDATA[
                            Live
                            ]]>
                            </Status>
                            <allUsersGroup>true</allUsersGroup>
                            <entityName>
                            <![CDATA[
                            PTC.Scorecard.Management_TS
                            ]]>
                            </entityName>
                            <entityType>
                            <![CDATA[
                            ThingShape
                            ]]>
                            </entityType>
                            <resource>
                            <![CDATA[
                            GetMfgModelManager
                            ]]>
                            </resource>
                            <type>
                            <![CDATA[
                            ServiceInvoke
                            ]]>
                            </type>
                        </Row>
                        <Row>
                            <ID>39.0</ID>
                            <Status>
                            <![CDATA[
                            Live
                            ]]>
                            </Status>
                            <allUsersGroup>true</allUsersGroup>
                            <entityName>
                            <![CDATA[
                            PTC.Scorecard.Management_TS
                            ]]>
                            </entityName>
                            <entityType>
                            <![CDATA[
                            ThingShape
                            ]]>
                            </entityType>
                            <resource>
                            <![CDATA[
                            GetMetricInfoForParentPerformanceCards
                            ]]>
                            </resource>
                            <type>
                            <![CDATA[
                            ServiceInvoke
                            ]]>
                            </type>
                        </Row>
                        <Row>
                            <ID>40.0</ID>
                            <Status>
                            <![CDATA[
                            Live
                            ]]>
                            </Status>
                            <allUsersGroup>false</allUsersGroup>
                            <entityName>
                            <![CDATA[
                            PTC.Scorecard.Manager
                            ]]>
                            </entityName>
                            <entityType>
                            <![CDATA[
                            Thing
                            ]]>
                            </entityType>
                            <resource>
                            <![CDATA[
                            *
                            ]]>
                            </resource>
                            <type>
                            <![CDATA[
                            ServiceInvoke
                            ]]>
                            </type>
                        </Row>
                        <Row>
                            <ID>41.0</ID>
                            <Status>
                            <![CDATA[
                            Live
                            ]]>
                            </Status>
                            <allUsersGroup>false</allUsersGroup>
                            <entityName>
                            <![CDATA[
                            PTC.Scorecard.Manager
                            ]]>
                            </entityName>
                            <entityType>
                            <![CDATA[
                            Thing
                            ]]>
                            </entityType>
                            <resource>
                            <![CDATA[
                            *
                            ]]>
                            </resource>
                            <type>
                            <![CDATA[
                            PropertyRead
                            ]]>
                            </type>
                        </Row>
                        <Row>
                            <ID>42.0</ID>
                            <Status>
                            <![CDATA[
                            Live
                            ]]>
                            </Status>
                            <allUsersGroup>false</allUsersGroup>
                            <entityName>
                            <![CDATA[
                            PTC.Scorecard.Manager
                            ]]>
                            </entityName>
                            <entityType>
                            <![CDATA[
                            Thing
                            ]]>
                            </entityType>
                            <resource>
                            <![CDATA[
                            *
                            ]]>
                            </resource>
                            <type>
                            <![CDATA[
                            PropertyWrite
                            ]]>
                            </type>
                        </Row>
                        <Row>
                            <ID>43.0</ID>
                            <Status>
                            <![CDATA[
                            Live
                            ]]>
                            </Status>
                            <allUsersGroup>false</allUsersGroup>
                            <entityName>
                            <![CDATA[
                            PTC.Scorecard.Manager
                            ]]>
                            </entityName>
                            <entityType>
                            <![CDATA[
                            Thing
                            ]]>
                            </entityType>
                            <resource>
                            <![CDATA[
                            *
                            ]]>
                            </resource>
                            <type>
                            <![CDATA[
                            EventInvoke
                            ]]>
                            </type>
                        </Row>
                        <Row>
                            <ID>44.0</ID>
                            <Status>
                            <![CDATA[
                            Live
                            ]]>
                            </Status>
                            <allUsersGroup>false</allUsersGroup>
                            <entityName>
                            <![CDATA[
                            PTC.Scorecard.Manager
                            ]]>
                            </entityName>
                            <entityType>
                            <![CDATA[
                            Thing
                            ]]>
                            </entityType>
                            <resource>
                            <![CDATA[
                            *
                            ]]>
                            </resource>
                            <type>
                            <![CDATA[
                            EventSubscribe
                            ]]>
                            </type>
                        </Row>
                        <Row>
                            <ID>45.0</ID>
                            <Status>
                            <![CDATA[
                            Live
                            ]]>
                            </Status>
                            <allUsersGroup>false</allUsersGroup>
                            <entityName>
                            <![CDATA[
                            PTC.Scorecard.Manager_TT
                            ]]>
                            </entityName>
                            <entityType>
                            <![CDATA[
                            ThingTemplate
                            ]]>
                            </entityType>
                            <resource>
                            <![CDATA[
                            *
                            ]]>
                            </resource>
                            <type>
                            <![CDATA[
                            ServiceInvoke
                            ]]>
                            </type>
                        </Row>
                        <Row>
                            <ID>46.0</ID>
                            <Status>
                            <![CDATA[
                            Live
                            ]]>
                            </Status>
                            <allUsersGroup>false</allUsersGroup>
                            <entityName>
                            <![CDATA[
                            PTC.Scorecard.Manager_TT
                            ]]>
                            </entityName>
                            <entityType>
                            <![CDATA[
                            ThingTemplate
                            ]]>
                            </entityType>
                            <resource>
                            <![CDATA[
                            *
                            ]]>
                            </resource>
                            <type>
                            <![CDATA[
                            PropertyRead
                            ]]>
                            </type>
                        </Row>
                        <Row>
                            <ID>47.0</ID>
                            <Status>
                            <![CDATA[
                            Live
                            ]]>
                            </Status>
                            <allUsersGroup>false</allUsersGroup>
                            <entityName>
                            <![CDATA[
                            PTC.Scorecard.Manager_TT
                            ]]>
                            </entityName>
                            <entityType>
                            <![CDATA[
                            ThingTemplate
                            ]]>
                            </entityType>
                            <resource>
                            <![CDATA[
                            *
                            ]]>
                            </resource>
                            <type>
                            <![CDATA[
                            PropertyWrite
                            ]]>
                            </type>
                        </Row>
                        <Row>
                            <ID>48.0</ID>
                            <Status>
                            <![CDATA[
                            Live
                            ]]>
                            </Status>
                            <allUsersGroup>false</allUsersGroup>
                            <entityName>
                            <![CDATA[
                            PTC.Scorecard.Manager_TT
                            ]]>
                            </entityName>
                            <entityType>
                            <![CDATA[
                            ThingTemplate
                            ]]>
                            </entityType>
                            <resource>
                            <![CDATA[
                            *
                            ]]>
                            </resource>
                            <type>
                            <![CDATA[
                            EventInvoke
                            ]]>
                            </type>
                        </Row>
                        <Row>
                            <ID>49.0</ID>
                            <Status>
                            <![CDATA[
                            Live
                            ]]>
                            </Status>
                            <allUsersGroup>false</allUsersGroup>
                            <entityName>
                            <![CDATA[
                            PTC.Scorecard.Manager_TT
                            ]]>
                            </entityName>
                            <entityType>
                            <![CDATA[
                            ThingTemplate
                            ]]>
                            </entityType>
                            <resource>
                            <![CDATA[
                            *
                            ]]>
                            </resource>
                            <type>
                            <![CDATA[
                            EventSubscribe
                            ]]>
                            </type>
                        </Row>
                        <Row>
                            <ID>50.0</ID>
                            <Status>
                            <![CDATA[
                            Live
                            ]]>
                            </Status>
                            <allUsersGroup>true</allUsersGroup>
                            <entityName>
                            <![CDATA[
                            PTC.Scorecard.Manager_TT
                            ]]>
                            </entityName>
                            <entityType>
                            <![CDATA[
                            ThingTemplate
                            ]]>
                            </entityType>
                            <resource>
                            <![CDATA[
                            GenerateInfoForPerformanceCardCollection
                            ]]>
                            </resource>
                            <type>
                            <![CDATA[
                            ServiceInvoke
                            ]]>
                            </type>
                        </Row>
                        <Row>
                            <ID>51.0</ID>
                            <Status>
                            <![CDATA[
                            Live
                            ]]>
                            </Status>
                            <allUsersGroup>true</allUsersGroup>
                            <entityName>
                            <![CDATA[
                            PTC.Scorecard.Manager_TT
                            ]]>
                            </entityName>
                            <entityType>
                            <![CDATA[
                            ThingTemplate
                            ]]>
                            </entityType>
                            <resource>
                            <![CDATA[
                            GetAdjustedStarAndEndDateTimes
                            ]]>
                            </resource>
                            <type>
                            <![CDATA[
                            ServiceInvoke
                            ]]>
                            </type>
                        </Row>
                    </Rows>
                </ConfigurationTable>
                <ConfigurationTable
                 dataShapeName="PTC.Scorecard.VisibilityPermissions_DS"
                 description=""
                 isMultiRow="true"
                 name="VisibilityPermissionsTable"
                 ordinal="0">
                    <DataShape>
                        <FieldDefinitions>
                            <FieldDefinition
                             baseType="BOOLEAN"
                             description=""
                             name="allUsersOrg"
                             ordinal="4"></FieldDefinition>
                            <FieldDefinition
                             aspect.isPrimaryKey="true"
                             baseType="STRING"
                             description=""
                             name="entityName"
                             ordinal="3"></FieldDefinition>
                            <FieldDefinition
                             baseType="STRING"
                             description=""
                             name="entityType"
                             ordinal="2"></FieldDefinition>
                            <FieldDefinition
                             aspect.defaultValue="Live"
                             baseType="STRING"
                             description=""
                             name="Status"
                             ordinal="1"></FieldDefinition>
                        </FieldDefinitions>
                    </DataShape>
                    <Rows>
                        <Row>
                            <Status>
                            <![CDATA[
                            Live
                            ]]>
                            </Status>
                            <allUsersOrg>true</allUsersOrg>
                            <entityName>
                            <![CDATA[
                            PTC.Scorecard
                            ]]>
                            </entityName>
                            <entityType>
                            <![CDATA[
                            Project
                            ]]>
                            </entityType>
                        </Row>
                        <Row>
                            <Status>
                            <![CDATA[
                            Live
                            ]]>
                            </Status>
                            <allUsersOrg>true</allUsersOrg>
                            <entityName>
                            <![CDATA[
                            PTC.Scorecard.Add_MD
                            ]]>
                            </entityName>
                            <entityType>
                            <![CDATA[
                            MediaEntity
                            ]]>
                            </entityType>
                        </Row>
                        <Row>
                            <Status>
                            <![CDATA[
                            Live
                            ]]>
                            </Status>
                            <allUsersOrg>true</allUsersOrg>
                            <entityName>
                            <![CDATA[
                            PTC.Scorecard.Admin_UG
                            ]]>
                            </entityName>
                            <entityType>
                            <![CDATA[
                            Group
                            ]]>
                            </entityType>
                        </Row>
                        <Row>
                            <Status>
                            <![CDATA[
                            Live
                            ]]>
                            </Status>
                            <allUsersOrg>true</allUsersOrg>
                            <entityName>
                            <![CDATA[
                            PTC.Scorecard.Default_OR
                            ]]>
                            </entityName>
                            <entityType>
                            <![CDATA[
                            Organization
                            ]]>
                            </entityType>
                        </Row>
                        <Row>
                            <Status>
                            <![CDATA[
                            Live
                            ]]>
                            </Status>
                            <allUsersOrg>true</allUsersOrg>
                            <entityName>
                            <![CDATA[
                            PTC.Scorecard.Default_UG
                            ]]>
                            </entityName>
                            <entityType>
                            <![CDATA[
                            Group
                            ]]>
                            </entityType>
                        </Row>
                        <Row>
                            <Status>
                            <![CDATA[
                            Live
                            ]]>
                            </Status>
                            <allUsersOrg>true</allUsersOrg>
                            <entityName>
                            <![CDATA[
                            PTC.Scorecard.EntryPoint
                            ]]>
                            </entityName>
                            <entityType>
                            <![CDATA[
                            Thing
                            ]]>
                            </entityType>
                        </Row>
                        <Row>
                            <Status>
                            <![CDATA[
                            Live
                            ]]>
                            </Status>
                            <allUsersOrg>true</allUsersOrg>
                            <entityName>
                            <![CDATA[
                            PTC.Scorecard.EntryPoint_TT
                            ]]>
                            </entityName>
                            <entityType>
                            <![CDATA[
                            ThingTemplate
                            ]]>
                            </entityType>
                        </Row>
                        <Row>
                            <Status>
                            <![CDATA[
                            Live
                            ]]>
                            </Status>
                            <allUsersOrg>true</allUsersOrg>
                            <entityName>
                            <![CDATA[
                            PTC.Scorecard.GoodStatusIcon_MD
                            ]]>
                            </entityName>
                            <entityType>
                            <![CDATA[
                            MediaEntity
                            ]]>
                            </entityType>
                        </Row>
                        <Row>
                            <Status>
                            <![CDATA[
                            Live
                            ]]>
                            </Status>
                            <allUsersOrg>true</allUsersOrg>
                            <entityName>
                            <![CDATA[
                            PTC.Scorecard.GreenArrowDownIcon_MD
                            ]]>
                            </entityName>
                            <entityType>
                            <![CDATA[
                            MediaEntity
                            ]]>
                            </entityType>
                        </Row>
                        <Row>
                            <Status>
                            <![CDATA[
                            Live
                            ]]>
                            </Status>
                            <allUsersOrg>true</allUsersOrg>
                            <entityName>
                            <![CDATA[
                            PTC.Scorecard.GreenArrowUpIcon_MD
                            ]]>
                            </entityName>
                            <entityType>
                            <![CDATA[
                            MediaEntity
                            ]]>
                            </entityType>
                        </Row>
                        <Row>
                            <Status>
                            <![CDATA[
                            Live
                            ]]>
                            </Status>
                            <allUsersOrg>true</allUsersOrg>
                            <entityName>
                            <![CDATA[
                            PTC.Scorecard.GreyArrowDownIcon_MD
                            ]]>
                            </entityName>
                            <entityType>
                            <![CDATA[
                            MediaEntity
                            ]]>
                            </entityType>
                        </Row>
                        <Row>
                            <Status>
                            <![CDATA[
                            Live
                            ]]>
                            </Status>
                            <allUsersOrg>true</allUsersOrg>
                            <entityName>
                            <![CDATA[
                            PTC.Scorecard.GreyArrowUpIcon_MD
                            ]]>
                            </entityName>
                            <entityType>
                            <![CDATA[
                            MediaEntity
                            ]]>
                            </entityType>
                        </Row>
                        <Row>
                            <Status>
                            <![CDATA[
                            Live
                            ]]>
                            </Status>
                            <allUsersOrg>true</allUsersOrg>
                            <entityName>
                            <![CDATA[
                            PTC.Scorecard.Grid_MU
                            ]]>
                            </entityName>
                            <entityType>
                            <![CDATA[
                            Mashup
                            ]]>
                            </entityType>
                        </Row>
                        <Row>
                            <Status>
                            <![CDATA[
                            Live
                            ]]>
                            </Status>
                            <allUsersOrg>true</allUsersOrg>
                            <entityName>
                            <![CDATA[
                            PTC.Scorecard.HierarchyBreakdown_MU
                            ]]>
                            </entityName>
                            <entityType>
                            <![CDATA[
                            Mashup
                            ]]>
                            </entityType>
                        </Row>
                        <Row>
                            <Status>
                            <![CDATA[
                            Live
                            ]]>
                            </Status>
                            <allUsersOrg>true</allUsersOrg>
                            <entityName>
                            <![CDATA[
                            PTC.Scorecard.Management_TS
                            ]]>
                            </entityName>
                            <entityType>
                            <![CDATA[
                            ThingShape
                            ]]>
                            </entityType>
                        </Row>
                        <Row>
                            <Status>
                            <![CDATA[
                            Live
                            ]]>
                            </Status>
                            <allUsersOrg>true</allUsersOrg>
                            <entityName>
                            <![CDATA[
                            PTC.Scorecard.Manager
                            ]]>
                            </entityName>
                            <entityType>
                            <![CDATA[
                            Thing
                            ]]>
                            </entityType>
                        </Row>
                        <Row>
                            <Status>
                            <![CDATA[
                            Live
                            ]]>
                            </Status>
                            <allUsersOrg>true</allUsersOrg>
                            <entityName>
                            <![CDATA[
                            PTC.Scorecard.Manager_TT
                            ]]>
                            </entityName>
                            <entityType>
                            <![CDATA[
                            ThingTemplate
                            ]]>
                            </entityType>
                        </Row>
                        <Row>
                            <Status>
                            <![CDATA[
                            Live
                            ]]>
                            </Status>
                            <allUsersOrg>true</allUsersOrg>
                            <entityName>
                            <![CDATA[
                            PTC.Scorecard.MetricBreadcrumbNavigation
                            ]]>
                            </entityName>
                            <entityType>
                            <![CDATA[
                            DataShape
                            ]]>
                            </entityType>
                        </Row>
                        <Row>
                            <Status>
                            <![CDATA[
                            Live
                            ]]>
                            </Status>
                            <allUsersOrg>true</allUsersOrg>
                            <entityName>
                            <![CDATA[
                            PTC.Scorecard.MetricDetail_MU
                            ]]>
                            </entityName>
                            <entityType>
                            <![CDATA[
                            Mashup
                            ]]>
                            </entityType>
                        </Row>
                        <Row>
                            <Status>
                            <![CDATA[
                            Live
                            ]]>
                            </Status>
                            <allUsersOrg>true</allUsersOrg>
                            <entityName>
                            <![CDATA[
                            PTC.Scorecard.MetricStatusThreshold
                            ]]>
                            </entityName>
                            <entityType>
                            <![CDATA[
                            DataShape
                            ]]>
                            </entityType>
                        </Row>
                        <Row>
                            <Status>
                            <![CDATA[
                            Live
                            ]]>
                            </Status>
                            <allUsersOrg>true</allUsersOrg>
                            <entityName>
                            <![CDATA[
                            PTC.Scorecard.MetricSummary
                            ]]>
                            </entityName>
                            <entityType>
                            <![CDATA[
                            DataShape
                            ]]>
                            </entityType>
                        </Row>
                        <Row>
                            <Status>
                            <![CDATA[
                            Live
                            ]]>
                            </Status>
                            <allUsersOrg>true</allUsersOrg>
                            <entityName>
                            <![CDATA[
                            PTC.Scorecard.MetricTarget
                            ]]>
                            </entityName>
                            <entityType>
                            <![CDATA[
                            DataShape
                            ]]>
                            </entityType>
                        </Row>
                        <Row>
                            <Status>
                            <![CDATA[
                            Live
                            ]]>
                            </Status>
                            <allUsersOrg>true</allUsersOrg>
                            <entityName>
                            <![CDATA[
                            PTC.Scorecard.NeutralStatusIcon_MD
                            ]]>
                            </entityName>
                            <entityType>
                            <![CDATA[
                            MediaEntity
                            ]]>
                            </entityType>
                        </Row>
                        <Row>
                            <Status>
                            <![CDATA[
                            Live
                            ]]>
                            </Status>
                            <allUsersOrg>true</allUsersOrg>
                            <entityName>
                            <![CDATA[
                            PTC.Scorecard.OkStatusIcon_MD
                            ]]>
                            </entityName>
                            <entityType>
                            <![CDATA[
                            MediaEntity
                            ]]>
                            </entityType>
                        </Row>
                        <Row>
                            <Status>
                            <![CDATA[
                            Live
                            ]]>
                            </Status>
                            <allUsersOrg>true</allUsersOrg>
                            <entityName>
                            <![CDATA[
                            PTC.Scorecard.Overview_MU
                            ]]>
                            </entityName>
                            <entityType>
                            <![CDATA[
                            Mashup
                            ]]>
                            </entityType>
                        </Row>
                        <Row>
                            <Status>
                            <![CDATA[
                            Live
                            ]]>
                            </Status>
                            <allUsersOrg>true</allUsersOrg>
                            <entityName>
                            <![CDATA[
                            PTC.Scorecard.PerformanceCard_MU
                            ]]>
                            </entityName>
                            <entityType>
                            <![CDATA[
                            Mashup
                            ]]>
                            </entityType>
                        </Row>
                        <Row>
                            <Status>
                            <![CDATA[
                            Live
                            ]]>
                            </Status>
                            <allUsersOrg>true</allUsersOrg>
                            <entityName>
                            <![CDATA[
                            PTC.Scorecard.PerformanceCardData
                            ]]>
                            </entityName>
                            <entityType>
                            <![CDATA[
                            DataShape
                            ]]>
                            </entityType>
                        </Row>
                        <Row>
                            <Status>
                            <![CDATA[
                            Live
                            ]]>
                            </Status>
                            <allUsersOrg>true</allUsersOrg>
                            <entityName>
                            <![CDATA[
                            PTC.Scorecard.PoorStatusIcon_MD
                            ]]>
                            </entityName>
                            <entityType>
                            <![CDATA[
                            MediaEntity
                            ]]>
                            </entityType>
                        </Row>
                        <Row>
                            <Status>
                            <![CDATA[
                            Live
                            ]]>
                            </Status>
                            <allUsersOrg>true</allUsersOrg>
                            <entityName>
                            <![CDATA[
                            PTC.Scorecard.RedArrowDownIcon_MD
                            ]]>
                            </entityName>
                            <entityType>
                            <![CDATA[
                            MediaEntity
                            ]]>
                            </entityType>
                        </Row>
                        <Row>
                            <Status>
                            <![CDATA[
                            Live
                            ]]>
                            </Status>
                            <allUsersOrg>true</allUsersOrg>
                            <entityName>
                            <![CDATA[
                            PTC.Scorecard.RedArrowUpIcon_MD
                            ]]>
                            </entityName>
                            <entityType>
                            <![CDATA[
                            MediaEntity
                            ]]>
                            </entityType>
                        </Row>
                        <Row>
                            <Status>
                            <![CDATA[
                            Live
                            ]]>
                            </Status>
                            <allUsersOrg>true</allUsersOrg>
                            <entityName>
                            <![CDATA[
                            PTC.Scorecard.Remove_MD
                            ]]>
                            </entityName>
                            <entityType>
                            <![CDATA[
                            MediaEntity
                            ]]>
                            </entityType>
                        </Row>
                        <Row>
                            <Status>
                            <![CDATA[
                            Live
                            ]]>
                            </Status>
                            <allUsersOrg>true</allUsersOrg>
                            <entityName>
                            <![CDATA[
                            PTC.Scorecard.Scorecard_MU
                            ]]>
                            </entityName>
                            <entityType>
                            <![CDATA[
                            Mashup
                            ]]>
                            </entityType>
                        </Row>
                        <Row>
                            <Status>
                            <![CDATA[
                            Live
                            ]]>
                            </Status>
                            <allUsersOrg>true</allUsersOrg>
                            <entityName>
                            <![CDATA[
                            PTC.Scorecard.ScorecardHeader_MU
                            ]]>
                            </entityName>
                            <entityType>
                            <![CDATA[
                            Mashup
                            ]]>
                            </entityType>
                        </Row>
                        <Row>
                            <Status>
                            <![CDATA[
                            Live
                            ]]>
                            </Status>
                            <allUsersOrg>true</allUsersOrg>
                            <entityName>
                            <![CDATA[
                            PTC.Scorecard.TrendChart
                            ]]>
                            </entityName>
                            <entityType>
                            <![CDATA[
                            DataShape
                            ]]>
                            </entityType>
                        </Row>
                        <Row>
                            <Status>
                            <![CDATA[
                            Live
                            ]]>
                            </Status>
                            <allUsersOrg>true</allUsersOrg>
                            <entityName>
                            <![CDATA[
                            PTC.Scorecard.TrendChart_MU
                            ]]>
                            </entityName>
                            <entityType>
                            <![CDATA[
                            Mashup
                            ]]>
                            </entityType>
                        </Row>
                        <Row>
                            <Status>
                            <![CDATA[
                            Live
                            ]]>
                            </Status>
                            <allUsersOrg>true</allUsersOrg>
                            <entityName>
                            <![CDATA[
                            PTC.Scorecard.ViewButton_MD
                            ]]>
                            </entityName>
                            <entityType>
                            <![CDATA[
                            MediaEntity
                            ]]>
                            </entityType>
                        </Row>
                    </Rows>
                </ConfigurationTable>
            </ConfigurationTables>
            <ThingShape>
                <PropertyDefinitions></PropertyDefinitions>
                <ServiceDefinitions></ServiceDefinitions>
                <EventDefinitions></EventDefinitions>
                <ServiceMappings></ServiceMappings>
                <ServiceImplementations></ServiceImplementations>
                <Subscriptions></Subscriptions>
            </ThingShape>
            <PropertyBindings></PropertyBindings>
            <RemotePropertyBindings></RemotePropertyBindings>
            <RemoteServiceBindings></RemoteServiceBindings>
            <RemoteEventBindings></RemoteEventBindings>
            <AlertConfigurations></AlertConfigurations>
            <ImplementedShapes></ImplementedShapes>
            <ThingProperties>
                <draftRuntimeLabel>
                    <Value>false</Value>
                    <Timestamp>2024-01-23T19:13:34.884Z</Timestamp>
                    <Quality>GOOD</Quality>
                </draftRuntimeLabel>
                <draftVisibilityLabel>
                    <Value>false</Value>
                    <Timestamp>2024-01-23T19:13:34.884Z</Timestamp>
                    <Quality>GOOD</Quality>
                </draftVisibilityLabel>
                <rolesConfirmed>
                    <Value>true</Value>
                    <Timestamp>2024-01-23T19:13:34.884Z</Timestamp>
                    <Quality>GOOD</Quality>
                </rolesConfirmed>
                <runtimePermissionsSet>
                    <Value>true</Value>
                    <Timestamp>2024-01-23T19:13:34.884Z</Timestamp>
                    <Quality>GOOD</Quality>
                </runtimePermissionsSet>
                <visibilityPermissionsSet>
                    <Value>true</Value>
                    <Timestamp>2024-01-23T19:13:34.884Z</Timestamp>
                    <Quality>GOOD</Quality>
                </visibilityPermissionsSet>
            </ThingProperties>
        </Thing>
    </Things>
</Entities>
