<?xml version="1.0" encoding="UTF-8"?>
<Entities
 majorVersion="9"
 minorVersion="5"
 universal="password">
    <Things>
        <Thing
         aspect.isExtension="true"
         aspect.isSystemObject="false"
         description="Component Helper to set up permissions for PTC.StateMachine"
         documentationContent=""
         effectiveThingPackage="ConfiguredThing"
         enabled="true"
         homeMashup="PTCDTS.Base.ComponentHelperPermissions_MU"
         identifier=""
         inheritedValueStream=""
         name="PTC.StateMachine.ComponentPermissionHelper"
         projectName="PTCDTS.Base.Permissions"
         published="false"
         tags=""
         thingTemplate="PTCDTS.Base.ComponentPermissionHelper_TT"
         valueStream="">
            <avatar></avatar>
            <DesignTimePermissions>
                <Create></Create>
                <Read></Read>
                <Update></Update>
                <Delete></Delete>
                <Metadata></Metadata>
            </DesignTimePermissions>
            <RunTimePermissions></RunTimePermissions>
            <VisibilityPermissions>
                <Visibility></Visibility>
            </VisibilityPermissions>
            <ConfigurationTableDefinitions>
                <ConfigurationTableDefinition
                 category=""
                 dataShapeName="PTC.StateMachine.VisibilityPermissions_DS"
                 description=""
                 isHidden="false"
                 isMultiRow="true"
                 name="VisibilityPermissionsTable"
                 ordinal="0"
                 source="REST"></ConfigurationTableDefinition>
                <ConfigurationTableDefinition
                 category=""
                 dataShapeName="PTC.StateMachine.RunTimePermissions_DS"
                 description=""
                 isHidden="false"
                 isMultiRow="true"
                 name="RunTimePermissionsTable"
                 ordinal="0"
                 source="REST"></ConfigurationTableDefinition>
            </ConfigurationTableDefinitions>
            <ConfigurationTables>
                <ConfigurationTable
                 dataShapeName=""
                 description=""
                 isMultiRow="false"
                 name="ProjectNameConfiguration"
                 ordinal="0">
                    <DataShape>
                        <FieldDefinitions>
                            <FieldDefinition
                             aspect.isPrimaryKey="true"
                             baseType="STRING"
                             description="Item"
                             name="item"
                             ordinal="1"></FieldDefinition>
                        </FieldDefinitions>
                    </DataShape>
                    <Rows>
                        <Row>
                            <item>
                            <![CDATA[
                            PTC.StateMachine
                            ]]>
                            </item>
                        </Row>
                    </Rows>
                </ConfigurationTable>
                <ConfigurationTable
                 dataShapeName=""
                 description=""
                 isMultiRow="true"
                 name="RoleGroupsAndOrganizations"
                 ordinal="0">
                    <DataShape>
                        <FieldDefinitions>
                            <FieldDefinition
                             aspect.isPrimaryKey="true"
                             baseType="STRING"
                             description=""
                             name="displayName"
                             ordinal="1"></FieldDefinition>
                            <FieldDefinition
                             aspect.isPrimaryKey="false"
                             baseType="STRING"
                             description=""
                             name="principal"
                             ordinal="2"></FieldDefinition>
                            <FieldDefinition
                             aspect.isPrimaryKey="false"
                             baseType="STRING"
                             description=""
                             name="principalType"
                             ordinal="3"></FieldDefinition>
                        </FieldDefinitions>
                    </DataShape>
                    <Rows>
                        <Row>
                            <displayName>
                            <![CDATA[
                            allUsersGroup
                            ]]>
                            </displayName>
                            <principal>
                            <![CDATA[
                            PTC.StateMachine.Default_UG
                            ]]>
                            </principal>
                            <principalType>
                            <![CDATA[
                            Group
                            ]]>
                            </principalType>
                        </Row>
                        <Row>
                            <displayName>
                            <![CDATA[
                            allUsersOrg
                            ]]>
                            </displayName>
                            <principal>
                            <![CDATA[
                            PTC.StateMachine.Default_OR
                            ]]>
                            </principal>
                            <principalType>
                            <![CDATA[
                            Organization
                            ]]>
                            </principalType>
                        </Row>
                        <Row>
                            <displayName>
                            <![CDATA[
                            AdminGroup
                            ]]>
                            </displayName>
                            <principal>
                            <![CDATA[
                            PTC.StateMachine.Admin_UG
                            ]]>
                            </principal>
                            <principalType>
                            <![CDATA[
                            Group
                            ]]>
                            </principalType>
                        </Row>
                        <Row>
                            <displayName>
                            <![CDATA[
                            AdminOrg
                            ]]>
                            </displayName>
                            <principal>
                            <![CDATA[
                            PTC.StateMachine.Default_OR:PTC.StateMachine.Admin_UG
                            ]]>
                            </principal>
                            <principalType>
                            <![CDATA[
                            OrganizationalUnit
                            ]]>
                            </principalType>
                        </Row>
                    </Rows>
                </ConfigurationTable>
                <ConfigurationTable
                 dataShapeName="PTC.StateMachine.RunTimePermissions_DS"
                 description=""
                 isMultiRow="true"
                 name="RunTimePermissionsTable"
                 ordinal="0">
                    <DataShape>
                        <FieldDefinitions>
                            <FieldDefinition
                             baseType="BOOLEAN"
                             description=""
                             name="AdminGroup"
                             ordinal="8"></FieldDefinition>
                            <FieldDefinition
                             baseType="BOOLEAN"
                             description=""
                             name="allUsersGroup"
                             ordinal="7"></FieldDefinition>
                            <FieldDefinition
                             baseType="STRING"
                             description=""
                             name="entityName"
                             ordinal="4"></FieldDefinition>
                            <FieldDefinition
                             baseType="STRING"
                             description=""
                             name="entityType"
                             ordinal="3"></FieldDefinition>
                            <FieldDefinition
                             aspect.isPrimaryKey="true"
                             baseType="NUMBER"
                             description=""
                             name="ID"
                             ordinal="1"></FieldDefinition>
                            <FieldDefinition
                             baseType="STRING"
                             description=""
                             name="resource"
                             ordinal="5"></FieldDefinition>
                            <FieldDefinition
                             aspect.defaultValue="Live"
                             baseType="STRING"
                             description=""
                             name="Status"
                             ordinal="2"></FieldDefinition>
                            <FieldDefinition
                             baseType="STRING"
                             description=""
                             name="type"
                             ordinal="6"></FieldDefinition>
                        </FieldDefinitions>
                    </DataShape>
                    <Rows>
                        <Row>
                            <AdminGroup>true</AdminGroup>
                            <ID>0.0</ID>
                            <Status>
                            <![CDATA[
                            Live
                            ]]>
                            </Status>
                            <allUsersGroup>false</allUsersGroup>
                            <entityName>
                            <![CDATA[
                            PTC.StateMachine.EntryPoint
                            ]]>
                            </entityName>
                            <entityType>
                            <![CDATA[
                            Thing
                            ]]>
                            </entityType>
                            <resource>
                            <![CDATA[
                            *
                            ]]>
                            </resource>
                            <type>
                            <![CDATA[
                            ServiceInvoke
                            ]]>
                            </type>
                        </Row>
                        <Row>
                            <AdminGroup>true</AdminGroup>
                            <ID>1.0</ID>
                            <Status>
                            <![CDATA[
                            Live
                            ]]>
                            </Status>
                            <allUsersGroup>false</allUsersGroup>
                            <entityName>
                            <![CDATA[
                            PTC.StateMachine.EntryPoint_TT
                            ]]>
                            </entityName>
                            <entityType>
                            <![CDATA[
                            ThingTemplate
                            ]]>
                            </entityType>
                            <resource>
                            <![CDATA[
                            *
                            ]]>
                            </resource>
                            <type>
                            <![CDATA[
                            ServiceInvoke
                            ]]>
                            </type>
                        </Row>
                        <Row>
                            <AdminGroup>true</AdminGroup>
                            <ID>2.0</ID>
                            <Status>
                            <![CDATA[
                            Live
                            ]]>
                            </Status>
                            <allUsersGroup>false</allUsersGroup>
                            <entityName>
                            <![CDATA[
                            PTC.StateMachine.Management_TS
                            ]]>
                            </entityName>
                            <entityType>
                            <![CDATA[
                            ThingShape
                            ]]>
                            </entityType>
                            <resource>
                            <![CDATA[
                            *
                            ]]>
                            </resource>
                            <type>
                            <![CDATA[
                            ServiceInvoke
                            ]]>
                            </type>
                        </Row>
                        <Row>
                            <AdminGroup>false</AdminGroup>
                            <ID>3.0</ID>
                            <Status>
                            <![CDATA[
                            Live
                            ]]>
                            </Status>
                            <allUsersGroup>false</allUsersGroup>
                            <entityName>
                            <![CDATA[
                            PTC.StateMachine.Management_TS
                            ]]>
                            </entityName>
                            <entityType>
                            <![CDATA[
                            ThingShape
                            ]]>
                            </entityType>
                            <resource>
                            <![CDATA[
                            FindTransition
                            ]]>
                            </resource>
                            <type>
                            <![CDATA[
                            ServiceInvoke
                            ]]>
                            </type>
                        </Row>
                        <Row>
                            <AdminGroup>false</AdminGroup>
                            <ID>4.0</ID>
                            <Status>
                            <![CDATA[
                            Live
                            ]]>
                            </Status>
                            <allUsersGroup>true</allUsersGroup>
                            <entityName>
                            <![CDATA[
                            PTC.StateMachine.Management_TS
                            ]]>
                            </entityName>
                            <entityType>
                            <![CDATA[
                            ThingShape
                            ]]>
                            </entityType>
                            <resource>
                            <![CDATA[
                            GetStateTransitions
                            ]]>
                            </resource>
                            <type>
                            <![CDATA[
                            ServiceInvoke
                            ]]>
                            </type>
                        </Row>
                        <Row>
                            <AdminGroup>false</AdminGroup>
                            <ID>5.0</ID>
                            <Status>
                            <![CDATA[
                            Live
                            ]]>
                            </Status>
                            <allUsersGroup>true</allUsersGroup>
                            <entityName>
                            <![CDATA[
                            PTC.StateMachine.Management_TS
                            ]]>
                            </entityName>
                            <entityType>
                            <![CDATA[
                            ThingShape
                            ]]>
                            </entityType>
                            <resource>
                            <![CDATA[
                            GetFinalStates
                            ]]>
                            </resource>
                            <type>
                            <![CDATA[
                            ServiceInvoke
                            ]]>
                            </type>
                        </Row>
                        <Row>
                            <AdminGroup>false</AdminGroup>
                            <ID>6.0</ID>
                            <Status>
                            <![CDATA[
                            Live
                            ]]>
                            </Status>
                            <allUsersGroup>true</allUsersGroup>
                            <entityName>
                            <![CDATA[
                            PTC.StateMachine.Management_TS
                            ]]>
                            </entityName>
                            <entityType>
                            <![CDATA[
                            ThingShape
                            ]]>
                            </entityType>
                            <resource>
                            <![CDATA[
                            GetInitialStates
                            ]]>
                            </resource>
                            <type>
                            <![CDATA[
                            ServiceInvoke
                            ]]>
                            </type>
                        </Row>
                        <Row>
                            <AdminGroup>false</AdminGroup>
                            <ID>7.0</ID>
                            <Status>
                            <![CDATA[
                            Live
                            ]]>
                            </Status>
                            <allUsersGroup>false</allUsersGroup>
                            <entityName>
                            <![CDATA[
                            PTC.StateMachine.Management_TS
                            ]]>
                            </entityName>
                            <entityType>
                            <![CDATA[
                            ThingShape
                            ]]>
                            </entityType>
                            <resource>
                            <![CDATA[
                            ValidateStateTransition
                            ]]>
                            </resource>
                            <type>
                            <![CDATA[
                            ServiceInvoke
                            ]]>
                            </type>
                        </Row>
                        <Row>
                            <AdminGroup>false</AdminGroup>
                            <ID>8.0</ID>
                            <Status>
                            <![CDATA[
                            Live
                            ]]>
                            </Status>
                            <allUsersGroup>false</allUsersGroup>
                            <entityName>
                            <![CDATA[
                            PTC.StateMachine.Management_TS
                            ]]>
                            </entityName>
                            <entityType>
                            <![CDATA[
                            ThingShape
                            ]]>
                            </entityType>
                            <resource>
                            <![CDATA[
                            ImportStateMachineFromJSON
                            ]]>
                            </resource>
                            <type>
                            <![CDATA[
                            ServiceInvoke
                            ]]>
                            </type>
                        </Row>
                        <Row>
                            <AdminGroup>false</AdminGroup>
                            <ID>9.0</ID>
                            <Status>
                            <![CDATA[
                            Live
                            ]]>
                            </Status>
                            <allUsersGroup>true</allUsersGroup>
                            <entityName>
                            <![CDATA[
                            PTC.StateMachine.Management_TS
                            ]]>
                            </entityName>
                            <entityType>
                            <![CDATA[
                            ThingShape
                            ]]>
                            </entityType>
                            <resource>
                            <![CDATA[
                            GetStates
                            ]]>
                            </resource>
                            <type>
                            <![CDATA[
                            ServiceInvoke
                            ]]>
                            </type>
                        </Row>
                        <Row>
                            <AdminGroup>false</AdminGroup>
                            <ID>10.0</ID>
                            <Status>
                            <![CDATA[
                            Live
                            ]]>
                            </Status>
                            <allUsersGroup>true</allUsersGroup>
                            <entityName>
                            <![CDATA[
                            PTC.StateMachine.Management_TS
                            ]]>
                            </entityName>
                            <entityType>
                            <![CDATA[
                            ThingShape
                            ]]>
                            </entityType>
                            <resource>
                            <![CDATA[
                            GetStateMachineTransitions
                            ]]>
                            </resource>
                            <type>
                            <![CDATA[
                            ServiceInvoke
                            ]]>
                            </type>
                        </Row>
                        <Row>
                            <AdminGroup>false</AdminGroup>
                            <ID>11.0</ID>
                            <Status>
                            <![CDATA[
                            Live
                            ]]>
                            </Status>
                            <allUsersGroup>true</allUsersGroup>
                            <entityName>
                            <![CDATA[
                            PTC.StateMachine.Management_TS
                            ]]>
                            </entityName>
                            <entityType>
                            <![CDATA[
                            ThingShape
                            ]]>
                            </entityType>
                            <resource>
                            <![CDATA[
                            GetStateMachine
                            ]]>
                            </resource>
                            <type>
                            <![CDATA[
                            ServiceInvoke
                            ]]>
                            </type>
                        </Row>
                        <Row>
                            <AdminGroup>false</AdminGroup>
                            <ID>12.0</ID>
                            <Status>
                            <![CDATA[
                            Live
                            ]]>
                            </Status>
                            <allUsersGroup>true</allUsersGroup>
                            <entityName>
                            <![CDATA[
                            PTC.StateMachine.Management_TS
                            ]]>
                            </entityName>
                            <entityType>
                            <![CDATA[
                            ThingShape
                            ]]>
                            </entityType>
                            <resource>
                            <![CDATA[
                            GetState
                            ]]>
                            </resource>
                            <type>
                            <![CDATA[
                            ServiceInvoke
                            ]]>
                            </type>
                        </Row>
                        <Row>
                            <AdminGroup>true</AdminGroup>
                            <ID>13.0</ID>
                            <Status>
                            <![CDATA[
                            Live
                            ]]>
                            </Status>
                            <allUsersGroup>false</allUsersGroup>
                            <entityName>
                            <![CDATA[
                            PTC.StateMachine.Manager_TT
                            ]]>
                            </entityName>
                            <entityType>
                            <![CDATA[
                            ThingTemplate
                            ]]>
                            </entityType>
                            <resource>
                            <![CDATA[
                            *
                            ]]>
                            </resource>
                            <type>
                            <![CDATA[
                            ServiceInvoke
                            ]]>
                            </type>
                        </Row>
                    </Rows>
                </ConfigurationTable>
                <ConfigurationTable
                 dataShapeName="PTC.StateMachine.VisibilityPermissions_DS"
                 description=""
                 isMultiRow="true"
                 name="VisibilityPermissionsTable"
                 ordinal="0">
                    <DataShape>
                        <FieldDefinitions>
                            <FieldDefinition
                             baseType="BOOLEAN"
                             description=""
                             name="AdminOrg"
                             ordinal="5"></FieldDefinition>
                            <FieldDefinition
                             baseType="BOOLEAN"
                             description=""
                             name="allUsersOrg"
                             ordinal="4"></FieldDefinition>
                            <FieldDefinition
                             aspect.isPrimaryKey="true"
                             baseType="STRING"
                             description=""
                             name="entityName"
                             ordinal="3"></FieldDefinition>
                            <FieldDefinition
                             baseType="STRING"
                             description=""
                             name="entityType"
                             ordinal="2"></FieldDefinition>
                            <FieldDefinition
                             aspect.defaultValue="Live"
                             baseType="STRING"
                             description=""
                             name="Status"
                             ordinal="1"></FieldDefinition>
                        </FieldDefinitions>
                    </DataShape>
                    <Rows>
                        <Row>
                            <AdminOrg>true</AdminOrg>
                            <Status>
                            <![CDATA[
                            Live
                            ]]>
                            </Status>
                            <allUsersOrg>true</allUsersOrg>
                            <entityName>
                            <![CDATA[
                            PTC.StateMachine
                            ]]>
                            </entityName>
                            <entityType>
                            <![CDATA[
                            Project
                            ]]>
                            </entityType>
                        </Row>
                        <Row>
                            <AdminOrg>true</AdminOrg>
                            <Status>
                            <![CDATA[
                            Live
                            ]]>
                            </Status>
                            <allUsersOrg>true</allUsersOrg>
                            <entityName>
                            <![CDATA[
                            PTC.StateMachine.Default_OR
                            ]]>
                            </entityName>
                            <entityType>
                            <![CDATA[
                            Organization
                            ]]>
                            </entityType>
                        </Row>
                        <Row>
                            <AdminOrg>true</AdminOrg>
                            <Status>
                            <![CDATA[
                            Live
                            ]]>
                            </Status>
                            <allUsersOrg>true</allUsersOrg>
                            <entityName>
                            <![CDATA[
                            PTC.StateMachine.Default_UG
                            ]]>
                            </entityName>
                            <entityType>
                            <![CDATA[
                            Group
                            ]]>
                            </entityType>
                        </Row>
                        <Row>
                            <AdminOrg>true</AdminOrg>
                            <Status>
                            <![CDATA[
                            Live
                            ]]>
                            </Status>
                            <allUsersOrg>true</allUsersOrg>
                            <entityName>
                            <![CDATA[
                            PTC.StateMachine.EntryPoint
                            ]]>
                            </entityName>
                            <entityType>
                            <![CDATA[
                            Thing
                            ]]>
                            </entityType>
                        </Row>
                        <Row>
                            <AdminOrg>true</AdminOrg>
                            <Status>
                            <![CDATA[
                            Live
                            ]]>
                            </Status>
                            <allUsersOrg>true</allUsersOrg>
                            <entityName>
                            <![CDATA[
                            PTC.StateMachine.EntryPoint_TT
                            ]]>
                            </entityName>
                            <entityType>
                            <![CDATA[
                            ThingTemplate
                            ]]>
                            </entityType>
                        </Row>
                        <Row>
                            <AdminOrg>true</AdminOrg>
                            <Status>
                            <![CDATA[
                            Live
                            ]]>
                            </Status>
                            <allUsersOrg>true</allUsersOrg>
                            <entityName>
                            <![CDATA[
                            PTC.StateMachine.Management_TS
                            ]]>
                            </entityName>
                            <entityType>
                            <![CDATA[
                            ThingShape
                            ]]>
                            </entityType>
                        </Row>
                        <Row>
                            <AdminOrg>true</AdminOrg>
                            <Status>
                            <![CDATA[
                            Live
                            ]]>
                            </Status>
                            <allUsersOrg>true</allUsersOrg>
                            <entityName>
                            <![CDATA[
                            PTC.StateMachine.Manager_TT
                            ]]>
                            </entityName>
                            <entityType>
                            <![CDATA[
                            ThingTemplate
                            ]]>
                            </entityType>
                        </Row>
                        <Row>
                            <AdminOrg>true</AdminOrg>
                            <Status>
                            <![CDATA[
                            Live
                            ]]>
                            </Status>
                            <allUsersOrg>true</allUsersOrg>
                            <entityName>
                            <![CDATA[
                            PTC.StateMachine.State
                            ]]>
                            </entityName>
                            <entityType>
                            <![CDATA[
                            DataShape
                            ]]>
                            </entityType>
                        </Row>
                        <Row>
                            <AdminOrg>true</AdminOrg>
                            <Status>
                            <![CDATA[
                            Live
                            ]]>
                            </Status>
                            <allUsersOrg>true</allUsersOrg>
                            <entityName>
                            <![CDATA[
                            PTC.StateMachine.StateMachine
                            ]]>
                            </entityName>
                            <entityType>
                            <![CDATA[
                            DataShape
                            ]]>
                            </entityType>
                        </Row>
                        <Row>
                            <AdminOrg>true</AdminOrg>
                            <Status>
                            <![CDATA[
                            Live
                            ]]>
                            </Status>
                            <allUsersOrg>true</allUsersOrg>
                            <entityName>
                            <![CDATA[
                            PTC.StateMachine.StateMachineConfiguration
                            ]]>
                            </entityName>
                            <entityType>
                            <![CDATA[
                            DataShape
                            ]]>
                            </entityType>
                        </Row>
                        <Row>
                            <AdminOrg>true</AdminOrg>
                            <Status>
                            <![CDATA[
                            Live
                            ]]>
                            </Status>
                            <allUsersOrg>true</allUsersOrg>
                            <entityName>
                            <![CDATA[
                            PTC.StateMachine.Transition
                            ]]>
                            </entityName>
                            <entityType>
                            <![CDATA[
                            DataShape
                            ]]>
                            </entityType>
                        </Row>
                    </Rows>
                </ConfigurationTable>
            </ConfigurationTables>
            <ThingShape>
                <PropertyDefinitions></PropertyDefinitions>
                <ServiceDefinitions></ServiceDefinitions>
                <EventDefinitions></EventDefinitions>
                <ServiceMappings></ServiceMappings>
                <ServiceImplementations></ServiceImplementations>
                <Subscriptions></Subscriptions>
            </ThingShape>
            <PropertyBindings></PropertyBindings>
            <RemotePropertyBindings></RemotePropertyBindings>
            <RemoteServiceBindings></RemoteServiceBindings>
            <RemoteEventBindings></RemoteEventBindings>
            <AlertConfigurations></AlertConfigurations>
            <ImplementedShapes></ImplementedShapes>
            <ThingProperties>
                <draftRuntimeLabel>
                    <Value>false</Value>
                    <Timestamp>2024-01-23T19:13:37.446Z</Timestamp>
                    <Quality>GOOD</Quality>
                </draftRuntimeLabel>
                <draftVisibilityLabel>
                    <Value>false</Value>
                    <Timestamp>2024-01-23T19:13:37.446Z</Timestamp>
                    <Quality>GOOD</Quality>
                </draftVisibilityLabel>
                <rolesConfirmed>
                    <Value>true</Value>
                    <Timestamp>2024-01-23T19:13:37.446Z</Timestamp>
                    <Quality>GOOD</Quality>
                </rolesConfirmed>
                <runtimePermissionsSet>
                    <Value>true</Value>
                    <Timestamp>2024-01-23T19:13:37.446Z</Timestamp>
                    <Quality>GOOD</Quality>
                </runtimePermissionsSet>
                <visibilityPermissionsSet>
                    <Value>true</Value>
                    <Timestamp>2024-01-23T19:13:37.446Z</Timestamp>
                    <Quality>GOOD</Quality>
                </visibilityPermissionsSet>
            </ThingProperties>
        </Thing>
    </Things>
</Entities>
