<?xml version="1.0" encoding="UTF-8"?>
<Entities
 majorVersion="9"
 minorVersion="5"
 universal="password">
    <Things>
        <Thing
         aspect.isExtension="true"
         aspect.isSystemObject="false"
         description="Component Helper to set up permissions for PTC.JobOrderImpl"
         documentationContent=""
         effectiveThingPackage="ConfiguredThing"
         enabled="true"
         homeMashup="PTCDTS.Base.ComponentHelperPermissions_MU"
         identifier=""
         inheritedValueStream=""
         name="PTC.JobOrderImpl.ComponentPermissionHelper"
         projectName="PTCDTS.Base.Permissions"
         published="false"
         tags=""
         thingTemplate="PTCDTS.Base.ComponentPermissionHelper_TT"
         valueStream="">
            <avatar></avatar>
            <DesignTimePermissions>
                <Create></Create>
                <Read></Read>
                <Update></Update>
                <Delete></Delete>
                <Metadata></Metadata>
            </DesignTimePermissions>
            <RunTimePermissions></RunTimePermissions>
            <VisibilityPermissions>
                <Visibility></Visibility>
            </VisibilityPermissions>
            <ConfigurationTableDefinitions>
                <ConfigurationTableDefinition
                 category=""
                 dataShapeName="PTC.JobOrderImpl.VisibilityPermissions_DS"
                 description=""
                 isHidden="false"
                 isMultiRow="true"
                 name="VisibilityPermissionsTable"
                 ordinal="0"
                 source="REST"></ConfigurationTableDefinition>
                <ConfigurationTableDefinition
                 category=""
                 dataShapeName="PTC.JobOrderImpl.RunTimePermissions_DS"
                 description=""
                 isHidden="false"
                 isMultiRow="true"
                 name="RunTimePermissionsTable"
                 ordinal="0"
                 source="REST"></ConfigurationTableDefinition>
            </ConfigurationTableDefinitions>
            <ConfigurationTables>
                <ConfigurationTable
                 dataShapeName=""
                 description=""
                 isMultiRow="false"
                 name="ProjectNameConfiguration"
                 ordinal="0">
                    <DataShape>
                        <FieldDefinitions>
                            <FieldDefinition
                             aspect.isPrimaryKey="true"
                             baseType="STRING"
                             description="Item"
                             name="item"
                             ordinal="1"></FieldDefinition>
                        </FieldDefinitions>
                    </DataShape>
                    <Rows>
                        <Row>
                            <item>
                            <![CDATA[
                            PTC.JobOrderImpl
                            ]]>
                            </item>
                        </Row>
                    </Rows>
                </ConfigurationTable>
                <ConfigurationTable
                 dataShapeName=""
                 description=""
                 isMultiRow="true"
                 name="RoleGroupsAndOrganizations"
                 ordinal="0">
                    <DataShape>
                        <FieldDefinitions>
                            <FieldDefinition
                             aspect.isPrimaryKey="true"
                             baseType="STRING"
                             description=""
                             name="displayName"
                             ordinal="1"></FieldDefinition>
                            <FieldDefinition
                             aspect.isPrimaryKey="false"
                             baseType="STRING"
                             description=""
                             name="principal"
                             ordinal="2"></FieldDefinition>
                            <FieldDefinition
                             aspect.isPrimaryKey="false"
                             baseType="STRING"
                             description=""
                             name="principalType"
                             ordinal="3"></FieldDefinition>
                        </FieldDefinitions>
                    </DataShape>
                    <Rows>
                        <Row>
                            <displayName>
                            <![CDATA[
                            allUsersGroup
                            ]]>
                            </displayName>
                            <principal>
                            <![CDATA[
                            PTC.JobOrderImpl.Default_UG
                            ]]>
                            </principal>
                            <principalType>
                            <![CDATA[
                            Group
                            ]]>
                            </principalType>
                        </Row>
                        <Row>
                            <displayName>
                            <![CDATA[
                            allUsersOrg
                            ]]>
                            </displayName>
                            <principal>
                            <![CDATA[
                            PTC.JobOrderImpl.Default_OR
                            ]]>
                            </principal>
                            <principalType>
                            <![CDATA[
                            Organization
                            ]]>
                            </principalType>
                        </Row>
                        <Row>
                            <displayName>
                            <![CDATA[
                            AdminGroup
                            ]]>
                            </displayName>
                            <principal>
                            <![CDATA[
                            PTC.JobOrderImpl.Admin_UG
                            ]]>
                            </principal>
                            <principalType>
                            <![CDATA[
                            Group
                            ]]>
                            </principalType>
                        </Row>
                        <Row>
                            <displayName>
                            <![CDATA[
                            AdminOrg
                            ]]>
                            </displayName>
                            <principal>
                            <![CDATA[
                            PTC.JobOrderImpl.Default_OR:PTC.JobOrderImpl.Admin_UG
                            ]]>
                            </principal>
                            <principalType>
                            <![CDATA[
                            OrganizationalUnit
                            ]]>
                            </principalType>
                        </Row>
                    </Rows>
                </ConfigurationTable>
                <ConfigurationTable
                 dataShapeName="PTC.JobOrderImpl.RunTimePermissions_DS"
                 description=""
                 isMultiRow="true"
                 name="RunTimePermissionsTable"
                 ordinal="0">
                    <DataShape>
                        <FieldDefinitions>
                            <FieldDefinition
                             baseType="BOOLEAN"
                             description=""
                             name="AdminGroup"
                             ordinal="8"></FieldDefinition>
                            <FieldDefinition
                             baseType="BOOLEAN"
                             description=""
                             name="allUsersGroup"
                             ordinal="7"></FieldDefinition>
                            <FieldDefinition
                             baseType="STRING"
                             description=""
                             name="entityName"
                             ordinal="4"></FieldDefinition>
                            <FieldDefinition
                             baseType="STRING"
                             description=""
                             name="entityType"
                             ordinal="3"></FieldDefinition>
                            <FieldDefinition
                             aspect.isPrimaryKey="true"
                             baseType="NUMBER"
                             description=""
                             name="ID"
                             ordinal="1"></FieldDefinition>
                            <FieldDefinition
                             baseType="STRING"
                             description=""
                             name="resource"
                             ordinal="5"></FieldDefinition>
                            <FieldDefinition
                             aspect.defaultValue="Live"
                             baseType="STRING"
                             description=""
                             name="Status"
                             ordinal="2"></FieldDefinition>
                            <FieldDefinition
                             baseType="STRING"
                             description=""
                             name="type"
                             ordinal="6"></FieldDefinition>
                        </FieldDefinitions>
                    </DataShape>
                    <Rows>
                        <Row>
                            <AdminGroup>true</AdminGroup>
                            <ID>0.0</ID>
                            <Status>
                            <![CDATA[
                            Live
                            ]]>
                            </Status>
                            <allUsersGroup>false</allUsersGroup>
                            <entityName>
                            <![CDATA[
                            PTC.JobOrderImpl.EntryPoint
                            ]]>
                            </entityName>
                            <entityType>
                            <![CDATA[
                            Thing
                            ]]>
                            </entityType>
                            <resource>
                            <![CDATA[
                            *
                            ]]>
                            </resource>
                            <type>
                            <![CDATA[
                            ServiceInvoke
                            ]]>
                            </type>
                        </Row>
                        <Row>
                            <AdminGroup>false</AdminGroup>
                            <ID>1.0</ID>
                            <Status>
                            <![CDATA[
                            Live
                            ]]>
                            </Status>
                            <allUsersGroup>false</allUsersGroup>
                            <entityName>
                            <![CDATA[
                            PTC.JobOrderImpl.EntryPoint
                            ]]>
                            </entityName>
                            <entityType>
                            <![CDATA[
                            Thing
                            ]]>
                            </entityType>
                            <resource>
                            <![CDATA[
                            *
                            ]]>
                            </resource>
                            <type>
                            <![CDATA[
                            PropertyRead
                            ]]>
                            </type>
                        </Row>
                        <Row>
                            <AdminGroup>false</AdminGroup>
                            <ID>2.0</ID>
                            <Status>
                            <![CDATA[
                            Live
                            ]]>
                            </Status>
                            <allUsersGroup>false</allUsersGroup>
                            <entityName>
                            <![CDATA[
                            PTC.JobOrderImpl.EntryPoint
                            ]]>
                            </entityName>
                            <entityType>
                            <![CDATA[
                            Thing
                            ]]>
                            </entityType>
                            <resource>
                            <![CDATA[
                            *
                            ]]>
                            </resource>
                            <type>
                            <![CDATA[
                            PropertyWrite
                            ]]>
                            </type>
                        </Row>
                        <Row>
                            <AdminGroup>false</AdminGroup>
                            <ID>3.0</ID>
                            <Status>
                            <![CDATA[
                            Live
                            ]]>
                            </Status>
                            <allUsersGroup>false</allUsersGroup>
                            <entityName>
                            <![CDATA[
                            PTC.JobOrderImpl.EntryPoint
                            ]]>
                            </entityName>
                            <entityType>
                            <![CDATA[
                            Thing
                            ]]>
                            </entityType>
                            <resource>
                            <![CDATA[
                            *
                            ]]>
                            </resource>
                            <type>
                            <![CDATA[
                            EventInvoke
                            ]]>
                            </type>
                        </Row>
                        <Row>
                            <AdminGroup>false</AdminGroup>
                            <ID>4.0</ID>
                            <Status>
                            <![CDATA[
                            Live
                            ]]>
                            </Status>
                            <allUsersGroup>false</allUsersGroup>
                            <entityName>
                            <![CDATA[
                            PTC.JobOrderImpl.EntryPoint
                            ]]>
                            </entityName>
                            <entityType>
                            <![CDATA[
                            Thing
                            ]]>
                            </entityType>
                            <resource>
                            <![CDATA[
                            *
                            ]]>
                            </resource>
                            <type>
                            <![CDATA[
                            EventSubscribe
                            ]]>
                            </type>
                        </Row>
                        <Row>
                            <AdminGroup>true</AdminGroup>
                            <ID>5.0</ID>
                            <Status>
                            <![CDATA[
                            Live
                            ]]>
                            </Status>
                            <allUsersGroup>false</allUsersGroup>
                            <entityName>
                            <![CDATA[
                            PTC.JobOrderImpl.EntryPoint_TT
                            ]]>
                            </entityName>
                            <entityType>
                            <![CDATA[
                            ThingTemplate
                            ]]>
                            </entityType>
                            <resource>
                            <![CDATA[
                            *
                            ]]>
                            </resource>
                            <type>
                            <![CDATA[
                            ServiceInvoke
                            ]]>
                            </type>
                        </Row>
                        <Row>
                            <AdminGroup>false</AdminGroup>
                            <ID>6.0</ID>
                            <Status>
                            <![CDATA[
                            Live
                            ]]>
                            </Status>
                            <allUsersGroup>false</allUsersGroup>
                            <entityName>
                            <![CDATA[
                            PTC.JobOrderImpl.EntryPoint_TT
                            ]]>
                            </entityName>
                            <entityType>
                            <![CDATA[
                            ThingTemplate
                            ]]>
                            </entityType>
                            <resource>
                            <![CDATA[
                            *
                            ]]>
                            </resource>
                            <type>
                            <![CDATA[
                            PropertyRead
                            ]]>
                            </type>
                        </Row>
                        <Row>
                            <AdminGroup>false</AdminGroup>
                            <ID>7.0</ID>
                            <Status>
                            <![CDATA[
                            Live
                            ]]>
                            </Status>
                            <allUsersGroup>false</allUsersGroup>
                            <entityName>
                            <![CDATA[
                            PTC.JobOrderImpl.EntryPoint_TT
                            ]]>
                            </entityName>
                            <entityType>
                            <![CDATA[
                            ThingTemplate
                            ]]>
                            </entityType>
                            <resource>
                            <![CDATA[
                            *
                            ]]>
                            </resource>
                            <type>
                            <![CDATA[
                            PropertyWrite
                            ]]>
                            </type>
                        </Row>
                        <Row>
                            <AdminGroup>false</AdminGroup>
                            <ID>8.0</ID>
                            <Status>
                            <![CDATA[
                            Live
                            ]]>
                            </Status>
                            <allUsersGroup>false</allUsersGroup>
                            <entityName>
                            <![CDATA[
                            PTC.JobOrderImpl.EntryPoint_TT
                            ]]>
                            </entityName>
                            <entityType>
                            <![CDATA[
                            ThingTemplate
                            ]]>
                            </entityType>
                            <resource>
                            <![CDATA[
                            *
                            ]]>
                            </resource>
                            <type>
                            <![CDATA[
                            EventInvoke
                            ]]>
                            </type>
                        </Row>
                        <Row>
                            <AdminGroup>false</AdminGroup>
                            <ID>9.0</ID>
                            <Status>
                            <![CDATA[
                            Live
                            ]]>
                            </Status>
                            <allUsersGroup>false</allUsersGroup>
                            <entityName>
                            <![CDATA[
                            PTC.JobOrderImpl.EntryPoint_TT
                            ]]>
                            </entityName>
                            <entityType>
                            <![CDATA[
                            ThingTemplate
                            ]]>
                            </entityType>
                            <resource>
                            <![CDATA[
                            *
                            ]]>
                            </resource>
                            <type>
                            <![CDATA[
                            EventSubscribe
                            ]]>
                            </type>
                        </Row>
                        <Row>
                            <AdminGroup>true</AdminGroup>
                            <ID>10.0</ID>
                            <Status>
                            <![CDATA[
                            Live
                            ]]>
                            </Status>
                            <allUsersGroup>false</allUsersGroup>
                            <entityName>
                            <![CDATA[
                            PTC.JobOrderImpl.Manager
                            ]]>
                            </entityName>
                            <entityType>
                            <![CDATA[
                            Thing
                            ]]>
                            </entityType>
                            <resource>
                            <![CDATA[
                            *
                            ]]>
                            </resource>
                            <type>
                            <![CDATA[
                            ServiceInvoke
                            ]]>
                            </type>
                        </Row>
                        <Row>
                            <AdminGroup>false</AdminGroup>
                            <ID>11.0</ID>
                            <Status>
                            <![CDATA[
                            Live
                            ]]>
                            </Status>
                            <allUsersGroup>false</allUsersGroup>
                            <entityName>
                            <![CDATA[
                            PTC.JobOrderImpl.Manager
                            ]]>
                            </entityName>
                            <entityType>
                            <![CDATA[
                            Thing
                            ]]>
                            </entityType>
                            <resource>
                            <![CDATA[
                            *
                            ]]>
                            </resource>
                            <type>
                            <![CDATA[
                            PropertyRead
                            ]]>
                            </type>
                        </Row>
                        <Row>
                            <AdminGroup>false</AdminGroup>
                            <ID>12.0</ID>
                            <Status>
                            <![CDATA[
                            Live
                            ]]>
                            </Status>
                            <allUsersGroup>false</allUsersGroup>
                            <entityName>
                            <![CDATA[
                            PTC.JobOrderImpl.Manager
                            ]]>
                            </entityName>
                            <entityType>
                            <![CDATA[
                            Thing
                            ]]>
                            </entityType>
                            <resource>
                            <![CDATA[
                            *
                            ]]>
                            </resource>
                            <type>
                            <![CDATA[
                            PropertyWrite
                            ]]>
                            </type>
                        </Row>
                        <Row>
                            <AdminGroup>false</AdminGroup>
                            <ID>13.0</ID>
                            <Status>
                            <![CDATA[
                            Live
                            ]]>
                            </Status>
                            <allUsersGroup>false</allUsersGroup>
                            <entityName>
                            <![CDATA[
                            PTC.JobOrderImpl.Manager
                            ]]>
                            </entityName>
                            <entityType>
                            <![CDATA[
                            Thing
                            ]]>
                            </entityType>
                            <resource>
                            <![CDATA[
                            *
                            ]]>
                            </resource>
                            <type>
                            <![CDATA[
                            EventInvoke
                            ]]>
                            </type>
                        </Row>
                        <Row>
                            <AdminGroup>false</AdminGroup>
                            <ID>14.0</ID>
                            <Status>
                            <![CDATA[
                            Live
                            ]]>
                            </Status>
                            <allUsersGroup>false</allUsersGroup>
                            <entityName>
                            <![CDATA[
                            PTC.JobOrderImpl.Manager
                            ]]>
                            </entityName>
                            <entityType>
                            <![CDATA[
                            Thing
                            ]]>
                            </entityType>
                            <resource>
                            <![CDATA[
                            *
                            ]]>
                            </resource>
                            <type>
                            <![CDATA[
                            EventSubscribe
                            ]]>
                            </type>
                        </Row>
                        <Row>
                            <AdminGroup>true</AdminGroup>
                            <ID>15.0</ID>
                            <Status>
                            <![CDATA[
                            Live
                            ]]>
                            </Status>
                            <allUsersGroup>false</allUsersGroup>
                            <entityName>
                            <![CDATA[
                            PTC.JobOrderImpl.Manager_TT
                            ]]>
                            </entityName>
                            <entityType>
                            <![CDATA[
                            ThingTemplate
                            ]]>
                            </entityType>
                            <resource>
                            <![CDATA[
                            *
                            ]]>
                            </resource>
                            <type>
                            <![CDATA[
                            ServiceInvoke
                            ]]>
                            </type>
                        </Row>
                        <Row>
                            <AdminGroup>false</AdminGroup>
                            <ID>16.0</ID>
                            <Status>
                            <![CDATA[
                            Live
                            ]]>
                            </Status>
                            <allUsersGroup>false</allUsersGroup>
                            <entityName>
                            <![CDATA[
                            PTC.JobOrderImpl.Manager_TT
                            ]]>
                            </entityName>
                            <entityType>
                            <![CDATA[
                            ThingTemplate
                            ]]>
                            </entityType>
                            <resource>
                            <![CDATA[
                            *
                            ]]>
                            </resource>
                            <type>
                            <![CDATA[
                            PropertyRead
                            ]]>
                            </type>
                        </Row>
                        <Row>
                            <AdminGroup>false</AdminGroup>
                            <ID>17.0</ID>
                            <Status>
                            <![CDATA[
                            Live
                            ]]>
                            </Status>
                            <allUsersGroup>false</allUsersGroup>
                            <entityName>
                            <![CDATA[
                            PTC.JobOrderImpl.Manager_TT
                            ]]>
                            </entityName>
                            <entityType>
                            <![CDATA[
                            ThingTemplate
                            ]]>
                            </entityType>
                            <resource>
                            <![CDATA[
                            *
                            ]]>
                            </resource>
                            <type>
                            <![CDATA[
                            PropertyWrite
                            ]]>
                            </type>
                        </Row>
                        <Row>
                            <AdminGroup>false</AdminGroup>
                            <ID>18.0</ID>
                            <Status>
                            <![CDATA[
                            Live
                            ]]>
                            </Status>
                            <allUsersGroup>false</allUsersGroup>
                            <entityName>
                            <![CDATA[
                            PTC.JobOrderImpl.Manager_TT
                            ]]>
                            </entityName>
                            <entityType>
                            <![CDATA[
                            ThingTemplate
                            ]]>
                            </entityType>
                            <resource>
                            <![CDATA[
                            *
                            ]]>
                            </resource>
                            <type>
                            <![CDATA[
                            EventInvoke
                            ]]>
                            </type>
                        </Row>
                        <Row>
                            <AdminGroup>false</AdminGroup>
                            <ID>19.0</ID>
                            <Status>
                            <![CDATA[
                            Live
                            ]]>
                            </Status>
                            <allUsersGroup>false</allUsersGroup>
                            <entityName>
                            <![CDATA[
                            PTC.JobOrderImpl.Manager_TT
                            ]]>
                            </entityName>
                            <entityType>
                            <![CDATA[
                            ThingTemplate
                            ]]>
                            </entityType>
                            <resource>
                            <![CDATA[
                            *
                            ]]>
                            </resource>
                            <type>
                            <![CDATA[
                            EventSubscribe
                            ]]>
                            </type>
                        </Row>
                        <Row>
                            <AdminGroup>false</AdminGroup>
                            <ID>20.0</ID>
                            <Status>
                            <![CDATA[
                            Live
                            ]]>
                            </Status>
                            <allUsersGroup>false</allUsersGroup>
                            <entityName>
                            <![CDATA[
                            PTC.JobOrderImpl.Manager_TT
                            ]]>
                            </entityName>
                            <entityType>
                            <![CDATA[
                            ThingTemplate
                            ]]>
                            </entityType>
                            <resource>
                            <![CDATA[
                            RegisterActionListeners
                            ]]>
                            </resource>
                            <type>
                            <![CDATA[
                            ServiceInvoke
                            ]]>
                            </type>
                        </Row>
                        <Row>
                            <AdminGroup>false</AdminGroup>
                            <ID>21.0</ID>
                            <Status>
                            <![CDATA[
                            Live
                            ]]>
                            </Status>
                            <allUsersGroup>false</allUsersGroup>
                            <entityName>
                            <![CDATA[
                            PTC.JobOrderImpl.Manager_TT
                            ]]>
                            </entityName>
                            <entityType>
                            <![CDATA[
                            ThingTemplate
                            ]]>
                            </entityType>
                            <resource>
                            <![CDATA[
                            OnUpdateJobOrder
                            ]]>
                            </resource>
                            <type>
                            <![CDATA[
                            ServiceInvoke
                            ]]>
                            </type>
                        </Row>
                        <Row>
                            <AdminGroup>false</AdminGroup>
                            <ID>22.0</ID>
                            <Status>
                            <![CDATA[
                            Live
                            ]]>
                            </Status>
                            <allUsersGroup>false</allUsersGroup>
                            <entityName>
                            <![CDATA[
                            PTC.JobOrderImpl.Manager_TT
                            ]]>
                            </entityName>
                            <entityType>
                            <![CDATA[
                            ThingTemplate
                            ]]>
                            </entityType>
                            <resource>
                            <![CDATA[
                            UpdateJobOrderDispatchStatusStateMachineConfiguration
                            ]]>
                            </resource>
                            <type>
                            <![CDATA[
                            ServiceInvoke
                            ]]>
                            </type>
                        </Row>
                        <Row>
                            <AdminGroup>false</AdminGroup>
                            <ID>23.0</ID>
                            <Status>
                            <![CDATA[
                            Live
                            ]]>
                            </Status>
                            <allUsersGroup>true</allUsersGroup>
                            <entityName>
                            <![CDATA[
                            PTC.JobOrderImpl.Manager_TT
                            ]]>
                            </entityName>
                            <entityType>
                            <![CDATA[
                            ThingTemplate
                            ]]>
                            </entityType>
                            <resource>
                            <![CDATA[
                            GenerateProcessingResourceInternal
                            ]]>
                            </resource>
                            <type>
                            <![CDATA[
                            ServiceInvoke
                            ]]>
                            </type>
                        </Row>
                        <Row>
                            <AdminGroup>false</AdminGroup>
                            <ID>24.0</ID>
                            <Status>
                            <![CDATA[
                            Live
                            ]]>
                            </Status>
                            <allUsersGroup>true</allUsersGroup>
                            <entityName>
                            <![CDATA[
                            PTC.JobOrderImpl.Manager_TT
                            ]]>
                            </entityName>
                            <entityType>
                            <![CDATA[
                            ThingTemplate
                            ]]>
                            </entityType>
                            <resource>
                            <![CDATA[
                            AddJobOrderDataInternal
                            ]]>
                            </resource>
                            <type>
                            <![CDATA[
                            ServiceInvoke
                            ]]>
                            </type>
                        </Row>
                        <Row>
                            <AdminGroup>false</AdminGroup>
                            <ID>25.0</ID>
                            <Status>
                            <![CDATA[
                            Live
                            ]]>
                            </Status>
                            <allUsersGroup>true</allUsersGroup>
                            <entityName>
                            <![CDATA[
                            PTC.JobOrderImpl.Manager_TT
                            ]]>
                            </entityName>
                            <entityType>
                            <![CDATA[
                            ThingTemplate
                            ]]>
                            </entityType>
                            <resource>
                            <![CDATA[
                            GetStateMachineManager
                            ]]>
                            </resource>
                            <type>
                            <![CDATA[
                            ServiceInvoke
                            ]]>
                            </type>
                        </Row>
                        <Row>
                            <AdminGroup>false</AdminGroup>
                            <ID>26.0</ID>
                            <Status>
                            <![CDATA[
                            Live
                            ]]>
                            </Status>
                            <allUsersGroup>false</allUsersGroup>
                            <entityName>
                            <![CDATA[
                            PTC.JobOrderImpl.Manager_TT
                            ]]>
                            </entityName>
                            <entityType>
                            <![CDATA[
                            ThingTemplate
                            ]]>
                            </entityType>
                            <resource>
                            <![CDATA[
                            JobOrderWorkDefinitionLinkPreCreate
                            ]]>
                            </resource>
                            <type>
                            <![CDATA[
                            ServiceInvoke
                            ]]>
                            </type>
                        </Row>
                        <Row>
                            <AdminGroup>false</AdminGroup>
                            <ID>27.0</ID>
                            <Status>
                            <![CDATA[
                            Live
                            ]]>
                            </Status>
                            <allUsersGroup>false</allUsersGroup>
                            <entityName>
                            <![CDATA[
                            PTC.JobOrderImpl.Manager_TT
                            ]]>
                            </entityName>
                            <entityType>
                            <![CDATA[
                            ThingTemplate
                            ]]>
                            </entityType>
                            <resource>
                            <![CDATA[
                            JobOrderPreCreate
                            ]]>
                            </resource>
                            <type>
                            <![CDATA[
                            ServiceInvoke
                            ]]>
                            </type>
                        </Row>
                        <Row>
                            <AdminGroup>false</AdminGroup>
                            <ID>28.0</ID>
                            <Status>
                            <![CDATA[
                            Live
                            ]]>
                            </Status>
                            <allUsersGroup>true</allUsersGroup>
                            <entityName>
                            <![CDATA[
                            PTC.JobOrderImpl.Manager_TT
                            ]]>
                            </entityName>
                            <entityType>
                            <![CDATA[
                            ThingTemplate
                            ]]>
                            </entityType>
                            <resource>
                            <![CDATA[
                            GetMaterialMasterManager
                            ]]>
                            </resource>
                            <type>
                            <![CDATA[
                            ServiceInvoke
                            ]]>
                            </type>
                        </Row>
                        <Row>
                            <AdminGroup>false</AdminGroup>
                            <ID>29.0</ID>
                            <Status>
                            <![CDATA[
                            Live
                            ]]>
                            </Status>
                            <allUsersGroup>false</allUsersGroup>
                            <entityName>
                            <![CDATA[
                            PTC.JobOrderImpl.Manager_TT
                            ]]>
                            </entityName>
                            <entityType>
                            <![CDATA[
                            ThingTemplate
                            ]]>
                            </entityType>
                            <resource>
                            <![CDATA[
                            ValidateProcessingResourceRequirementSite
                            ]]>
                            </resource>
                            <type>
                            <![CDATA[
                            ServiceInvoke
                            ]]>
                            </type>
                        </Row>
                        <Row>
                            <AdminGroup>false</AdminGroup>
                            <ID>30.0</ID>
                            <Status>
                            <![CDATA[
                            Live
                            ]]>
                            </Status>
                            <allUsersGroup>false</allUsersGroup>
                            <entityName>
                            <![CDATA[
                            PTC.JobOrderImpl.Manager_TT
                            ]]>
                            </entityName>
                            <entityType>
                            <![CDATA[
                            ThingTemplate
                            ]]>
                            </entityType>
                            <resource>
                            <![CDATA[
                            JobOrderWorkDefinitionLinkPreUpdate
                            ]]>
                            </resource>
                            <type>
                            <![CDATA[
                            ServiceInvoke
                            ]]>
                            </type>
                        </Row>
                        <Row>
                            <AdminGroup>false</AdminGroup>
                            <ID>31.0</ID>
                            <Status>
                            <![CDATA[
                            Live
                            ]]>
                            </Status>
                            <allUsersGroup>false</allUsersGroup>
                            <entityName>
                            <![CDATA[
                            PTC.JobOrderImpl.Manager_TT
                            ]]>
                            </entityName>
                            <entityType>
                            <![CDATA[
                            ThingTemplate
                            ]]>
                            </entityType>
                            <resource>
                            <![CDATA[
                            JobOrderProcessingResourceRequirementPreCreate
                            ]]>
                            </resource>
                            <type>
                            <![CDATA[
                            ServiceInvoke
                            ]]>
                            </type>
                        </Row>
                        <Row>
                            <AdminGroup>false</AdminGroup>
                            <ID>32.0</ID>
                            <Status>
                            <![CDATA[
                            Live
                            ]]>
                            </Status>
                            <allUsersGroup>false</allUsersGroup>
                            <entityName>
                            <![CDATA[
                            PTC.JobOrderImpl.Manager_TT
                            ]]>
                            </entityName>
                            <entityType>
                            <![CDATA[
                            ThingTemplate
                            ]]>
                            </entityType>
                            <resource>
                            <![CDATA[
                            UpdateJobOrderExecutionResponsesForJobOrders
                            ]]>
                            </resource>
                            <type>
                            <![CDATA[
                            ServiceInvoke
                            ]]>
                            </type>
                        </Row>
                        <Row>
                            <AdminGroup>false</AdminGroup>
                            <ID>33.0</ID>
                            <Status>
                            <![CDATA[
                            Live
                            ]]>
                            </Status>
                            <allUsersGroup>false</allUsersGroup>
                            <entityName>
                            <![CDATA[
                            PTC.JobOrderImpl.Manager_TT
                            ]]>
                            </entityName>
                            <entityType>
                            <![CDATA[
                            ThingTemplate
                            ]]>
                            </entityType>
                            <resource>
                            <![CDATA[
                            ValidateJobOrderWorkDefinitionSite
                            ]]>
                            </resource>
                            <type>
                            <![CDATA[
                            ServiceInvoke
                            ]]>
                            </type>
                        </Row>
                        <Row>
                            <AdminGroup>false</AdminGroup>
                            <ID>34.0</ID>
                            <Status>
                            <![CDATA[
                            Live
                            ]]>
                            </Status>
                            <allUsersGroup>false</allUsersGroup>
                            <entityName>
                            <![CDATA[
                            PTC.JobOrderImpl.Manager_TT
                            ]]>
                            </entityName>
                            <entityType>
                            <![CDATA[
                            ThingTemplate
                            ]]>
                            </entityType>
                            <resource>
                            <![CDATA[
                            ValidateDispatchStatus
                            ]]>
                            </resource>
                            <type>
                            <![CDATA[
                            ServiceInvoke
                            ]]>
                            </type>
                        </Row>
                        <Row>
                            <AdminGroup>false</AdminGroup>
                            <ID>35.0</ID>
                            <Status>
                            <![CDATA[
                            Live
                            ]]>
                            </Status>
                            <allUsersGroup>false</allUsersGroup>
                            <entityName>
                            <![CDATA[
                            PTC.JobOrderImpl.Manager_TT
                            ]]>
                            </entityName>
                            <entityType>
                            <![CDATA[
                            ThingTemplate
                            ]]>
                            </entityType>
                            <resource>
                            <![CDATA[
                            OnCreateJobOrder
                            ]]>
                            </resource>
                            <type>
                            <![CDATA[
                            ServiceInvoke
                            ]]>
                            </type>
                        </Row>
                        <Row>
                            <AdminGroup>false</AdminGroup>
                            <ID>36.0</ID>
                            <Status>
                            <![CDATA[
                            Live
                            ]]>
                            </Status>
                            <allUsersGroup>true</allUsersGroup>
                            <entityName>
                            <![CDATA[
                            PTC.JobOrderImpl.Manager_TT
                            ]]>
                            </entityName>
                            <entityType>
                            <![CDATA[
                            ThingTemplate
                            ]]>
                            </entityType>
                            <resource>
                            <![CDATA[
                            GetProductionOrderManager
                            ]]>
                            </resource>
                            <type>
                            <![CDATA[
                            ServiceInvoke
                            ]]>
                            </type>
                        </Row>
                        <Row>
                            <AdminGroup>false</AdminGroup>
                            <ID>37.0</ID>
                            <Status>
                            <![CDATA[
                            Live
                            ]]>
                            </Status>
                            <allUsersGroup>false</allUsersGroup>
                            <entityName>
                            <![CDATA[
                            PTC.JobOrderImpl.Manager_TT
                            ]]>
                            </entityName>
                            <entityType>
                            <![CDATA[
                            ThingTemplate
                            ]]>
                            </entityType>
                            <resource>
                            <![CDATA[
                            GenerateProcessingResource
                            ]]>
                            </resource>
                            <type>
                            <![CDATA[
                            ServiceInvoke
                            ]]>
                            </type>
                        </Row>
                        <Row>
                            <AdminGroup>false</AdminGroup>
                            <ID>38.0</ID>
                            <Status>
                            <![CDATA[
                            Live
                            ]]>
                            </Status>
                            <allUsersGroup>true</allUsersGroup>
                            <entityName>
                            <![CDATA[
                            PTC.JobOrderImpl.Manager_TT
                            ]]>
                            </entityName>
                            <entityType>
                            <![CDATA[
                            ThingTemplate
                            ]]>
                            </entityType>
                            <resource>
                            <![CDATA[
                            GetWorkMasterManager
                            ]]>
                            </resource>
                            <type>
                            <![CDATA[
                            ServiceInvoke
                            ]]>
                            </type>
                        </Row>
                        <Row>
                            <AdminGroup>false</AdminGroup>
                            <ID>39.0</ID>
                            <Status>
                            <![CDATA[
                            Live
                            ]]>
                            </Status>
                            <allUsersGroup>false</allUsersGroup>
                            <entityName>
                            <![CDATA[
                            PTC.JobOrderImpl.Manager_TT
                            ]]>
                            </entityName>
                            <entityType>
                            <![CDATA[
                            ThingTemplate
                            ]]>
                            </entityType>
                            <resource>
                            <![CDATA[
                            JobOrderProcessingResourceRequirementPreUpdate
                            ]]>
                            </resource>
                            <type>
                            <![CDATA[
                            ServiceInvoke
                            ]]>
                            </type>
                        </Row>
                        <Row>
                            <AdminGroup>false</AdminGroup>
                            <ID>40.0</ID>
                            <Status>
                            <![CDATA[
                            Live
                            ]]>
                            </Status>
                            <allUsersGroup>false</allUsersGroup>
                            <entityName>
                            <![CDATA[
                            PTC.JobOrderImpl.Manager_TT
                            ]]>
                            </entityName>
                            <entityType>
                            <![CDATA[
                            ThingTemplate
                            ]]>
                            </entityType>
                            <resource>
                            <![CDATA[
                            GenerateMaterialDefinition
                            ]]>
                            </resource>
                            <type>
                            <![CDATA[
                            ServiceInvoke
                            ]]>
                            </type>
                        </Row>
                        <Row>
                            <AdminGroup>false</AdminGroup>
                            <ID>41.0</ID>
                            <Status>
                            <![CDATA[
                            Live
                            ]]>
                            </Status>
                            <allUsersGroup>false</allUsersGroup>
                            <entityName>
                            <![CDATA[
                            PTC.JobOrderImpl.Manager_TT
                            ]]>
                            </entityName>
                            <entityType>
                            <![CDATA[
                            ThingTemplate
                            ]]>
                            </entityType>
                            <resource>
                            <![CDATA[
                            JobOrderMaterialRequirementPreUpdate
                            ]]>
                            </resource>
                            <type>
                            <![CDATA[
                            ServiceInvoke
                            ]]>
                            </type>
                        </Row>
                        <Row>
                            <AdminGroup>false</AdminGroup>
                            <ID>42.0</ID>
                            <Status>
                            <![CDATA[
                            Live
                            ]]>
                            </Status>
                            <allUsersGroup>false</allUsersGroup>
                            <entityName>
                            <![CDATA[
                            PTC.JobOrderImpl.Manager_TT
                            ]]>
                            </entityName>
                            <entityType>
                            <![CDATA[
                            ThingTemplate
                            ]]>
                            </entityType>
                            <resource>
                            <![CDATA[
                            ValidateStatusChange
                            ]]>
                            </resource>
                            <type>
                            <![CDATA[
                            ServiceInvoke
                            ]]>
                            </type>
                        </Row>
                        <Row>
                            <AdminGroup>false</AdminGroup>
                            <ID>43.0</ID>
                            <Status>
                            <![CDATA[
                            Live
                            ]]>
                            </Status>
                            <allUsersGroup>false</allUsersGroup>
                            <entityName>
                            <![CDATA[
                            PTC.JobOrderImpl.Manager_TT
                            ]]>
                            </entityName>
                            <entityType>
                            <![CDATA[
                            ThingTemplate
                            ]]>
                            </entityType>
                            <resource>
                            <![CDATA[
                            UpdateJobOrderDataInternal
                            ]]>
                            </resource>
                            <type>
                            <![CDATA[
                            ServiceInvoke
                            ]]>
                            </type>
                        </Row>
                        <Row>
                            <AdminGroup>false</AdminGroup>
                            <ID>44.0</ID>
                            <Status>
                            <![CDATA[
                            Live
                            ]]>
                            </Status>
                            <allUsersGroup>true</allUsersGroup>
                            <entityName>
                            <![CDATA[
                            PTC.JobOrderImpl.Manager_TT
                            ]]>
                            </entityName>
                            <entityType>
                            <![CDATA[
                            ThingTemplate
                            ]]>
                            </entityType>
                            <resource>
                            <![CDATA[
                            GetJobOrderDispatchStatusStateMachineConfiguration
                            ]]>
                            </resource>
                            <type>
                            <![CDATA[
                            ServiceInvoke
                            ]]>
                            </type>
                        </Row>
                        <Row>
                            <AdminGroup>false</AdminGroup>
                            <ID>45.0</ID>
                            <Status>
                            <![CDATA[
                            Live
                            ]]>
                            </Status>
                            <allUsersGroup>false</allUsersGroup>
                            <entityName>
                            <![CDATA[
                            PTC.JobOrderImpl.Manager_TT
                            ]]>
                            </entityName>
                            <entityType>
                            <![CDATA[
                            ThingTemplate
                            ]]>
                            </entityType>
                            <resource>
                            <![CDATA[
                            JobOrderPreUpdate
                            ]]>
                            </resource>
                            <type>
                            <![CDATA[
                            ServiceInvoke
                            ]]>
                            </type>
                        </Row>
                        <Row>
                            <AdminGroup>false</AdminGroup>
                            <ID>46.0</ID>
                            <Status>
                            <![CDATA[
                            Live
                            ]]>
                            </Status>
                            <allUsersGroup>true</allUsersGroup>
                            <entityName>
                            <![CDATA[
                            PTC.JobOrderImpl.Manager_TT
                            ]]>
                            </entityName>
                            <entityType>
                            <![CDATA[
                            ThingTemplate
                            ]]>
                            </entityType>
                            <resource>
                            <![CDATA[
                            GetMfgModelManager
                            ]]>
                            </resource>
                            <type>
                            <![CDATA[
                            ServiceInvoke
                            ]]>
                            </type>
                        </Row>
                        <Row>
                            <AdminGroup>false</AdminGroup>
                            <ID>47.0</ID>
                            <Status>
                            <![CDATA[
                            Live
                            ]]>
                            </Status>
                            <allUsersGroup>false</allUsersGroup>
                            <entityName>
                            <![CDATA[
                            PTC.JobOrderImpl.Manager_TT
                            ]]>
                            </entityName>
                            <entityType>
                            <![CDATA[
                            ThingTemplate
                            ]]>
                            </entityType>
                            <resource>
                            <![CDATA[
                            JobOrderMaterialRequirementPreCreate
                            ]]>
                            </resource>
                            <type>
                            <![CDATA[
                            ServiceInvoke
                            ]]>
                            </type>
                        </Row>
                        <Row>
                            <AdminGroup>false</AdminGroup>
                            <ID>48.0</ID>
                            <Status>
                            <![CDATA[
                            Live
                            ]]>
                            </Status>
                            <allUsersGroup>false</allUsersGroup>
                            <entityName>
                            <![CDATA[
                            PTC.JobOrderImpl.Manager_TT
                            ]]>
                            </entityName>
                            <entityType>
                            <![CDATA[
                            ThingTemplate
                            ]]>
                            </entityType>
                            <resource>
                            <![CDATA[
                            ValidateMaterialRequirementSite
                            ]]>
                            </resource>
                            <type>
                            <![CDATA[
                            ServiceInvoke
                            ]]>
                            </type>
                        </Row>
                        <Row>
                            <AdminGroup>false</AdminGroup>
                            <ID>49.0</ID>
                            <Status>
                            <![CDATA[
                            Live
                            ]]>
                            </Status>
                            <allUsersGroup>true</allUsersGroup>
                            <entityName>
                            <![CDATA[
                            PTC.JobOrderImpl.Manager_TT
                            ]]>
                            </entityName>
                            <entityType>
                            <![CDATA[
                            ThingTemplate
                            ]]>
                            </entityType>
                            <resource>
                            <![CDATA[
                            GetModelManagementManager
                            ]]>
                            </resource>
                            <type>
                            <![CDATA[
                            ServiceInvoke
                            ]]>
                            </type>
                        </Row>
                        <Row>
                            <AdminGroup>false</AdminGroup>
                            <ID>50.0</ID>
                            <Status>
                            <![CDATA[
                            Live
                            ]]>
                            </Status>
                            <allUsersGroup>false</allUsersGroup>
                            <entityName>
                            <![CDATA[
                            PTC.JobOrderImpl.Manager_TT
                            ]]>
                            </entityName>
                            <entityType>
                            <![CDATA[
                            ThingTemplate
                            ]]>
                            </entityType>
                            <resource>
                            <![CDATA[
                            ValidateJobOrderSite
                            ]]>
                            </resource>
                            <type>
                            <![CDATA[
                            ServiceInvoke
                            ]]>
                            </type>
                        </Row>
                    </Rows>
                </ConfigurationTable>
                <ConfigurationTable
                 dataShapeName="PTC.JobOrderImpl.VisibilityPermissions_DS"
                 description=""
                 isMultiRow="true"
                 name="VisibilityPermissionsTable"
                 ordinal="0">
                    <DataShape>
                        <FieldDefinitions>
                            <FieldDefinition
                             baseType="BOOLEAN"
                             description=""
                             name="AdminOrg"
                             ordinal="5"></FieldDefinition>
                            <FieldDefinition
                             baseType="BOOLEAN"
                             description=""
                             name="allUsersOrg"
                             ordinal="4"></FieldDefinition>
                            <FieldDefinition
                             aspect.isPrimaryKey="true"
                             baseType="STRING"
                             description=""
                             name="entityName"
                             ordinal="3"></FieldDefinition>
                            <FieldDefinition
                             baseType="STRING"
                             description=""
                             name="entityType"
                             ordinal="2"></FieldDefinition>
                            <FieldDefinition
                             aspect.defaultValue="Live"
                             baseType="STRING"
                             description=""
                             name="Status"
                             ordinal="1"></FieldDefinition>
                        </FieldDefinitions>
                    </DataShape>
                    <Rows>
                        <Row>
                            <AdminOrg>true</AdminOrg>
                            <Status>
                            <![CDATA[
                            Live
                            ]]>
                            </Status>
                            <allUsersOrg>true</allUsersOrg>
                            <entityName>
                            <![CDATA[
                            PTC.JobOrderImpl
                            ]]>
                            </entityName>
                            <entityType>
                            <![CDATA[
                            Project
                            ]]>
                            </entityType>
                        </Row>
                        <Row>
                            <AdminOrg>true</AdminOrg>
                            <Status>
                            <![CDATA[
                            Live
                            ]]>
                            </Status>
                            <allUsersOrg>true</allUsersOrg>
                            <entityName>
                            <![CDATA[
                            PTC.JobOrderImpl.Admin_UG
                            ]]>
                            </entityName>
                            <entityType>
                            <![CDATA[
                            Group
                            ]]>
                            </entityType>
                        </Row>
                        <Row>
                            <AdminOrg>true</AdminOrg>
                            <Status>
                            <![CDATA[
                            Live
                            ]]>
                            </Status>
                            <allUsersOrg>true</allUsersOrg>
                            <entityName>
                            <![CDATA[
                            PTC.JobOrderImpl.Default_OR
                            ]]>
                            </entityName>
                            <entityType>
                            <![CDATA[
                            Organization
                            ]]>
                            </entityType>
                        </Row>
                        <Row>
                            <AdminOrg>true</AdminOrg>
                            <Status>
                            <![CDATA[
                            Live
                            ]]>
                            </Status>
                            <allUsersOrg>true</allUsersOrg>
                            <entityName>
                            <![CDATA[
                            PTC.JobOrderImpl.Default_UG
                            ]]>
                            </entityName>
                            <entityType>
                            <![CDATA[
                            Group
                            ]]>
                            </entityType>
                        </Row>
                        <Row>
                            <AdminOrg>true</AdminOrg>
                            <Status>
                            <![CDATA[
                            Live
                            ]]>
                            </Status>
                            <allUsersOrg>true</allUsersOrg>
                            <entityName>
                            <![CDATA[
                            PTC.JobOrderImpl.EntryPoint
                            ]]>
                            </entityName>
                            <entityType>
                            <![CDATA[
                            Thing
                            ]]>
                            </entityType>
                        </Row>
                        <Row>
                            <AdminOrg>true</AdminOrg>
                            <Status>
                            <![CDATA[
                            Live
                            ]]>
                            </Status>
                            <allUsersOrg>true</allUsersOrg>
                            <entityName>
                            <![CDATA[
                            PTC.JobOrderImpl.EntryPoint_TT
                            ]]>
                            </entityName>
                            <entityType>
                            <![CDATA[
                            ThingTemplate
                            ]]>
                            </entityType>
                        </Row>
                        <Row>
                            <AdminOrg>true</AdminOrg>
                            <Status>
                            <![CDATA[
                            Live
                            ]]>
                            </Status>
                            <allUsersOrg>true</allUsersOrg>
                            <entityName>
                            <![CDATA[
                            PTC.JobOrderImpl.Manager
                            ]]>
                            </entityName>
                            <entityType>
                            <![CDATA[
                            Thing
                            ]]>
                            </entityType>
                        </Row>
                        <Row>
                            <AdminOrg>true</AdminOrg>
                            <Status>
                            <![CDATA[
                            Live
                            ]]>
                            </Status>
                            <allUsersOrg>true</allUsersOrg>
                            <entityName>
                            <![CDATA[
                            PTC.JobOrderImpl.Manager_TT
                            ]]>
                            </entityName>
                            <entityType>
                            <![CDATA[
                            ThingTemplate
                            ]]>
                            </entityType>
                        </Row>
                    </Rows>
                </ConfigurationTable>
            </ConfigurationTables>
            <ThingShape>
                <PropertyDefinitions></PropertyDefinitions>
                <ServiceDefinitions></ServiceDefinitions>
                <EventDefinitions></EventDefinitions>
                <ServiceMappings></ServiceMappings>
                <ServiceImplementations></ServiceImplementations>
                <Subscriptions></Subscriptions>
            </ThingShape>
            <PropertyBindings></PropertyBindings>
            <RemotePropertyBindings></RemotePropertyBindings>
            <RemoteServiceBindings></RemoteServiceBindings>
            <RemoteEventBindings></RemoteEventBindings>
            <AlertConfigurations></AlertConfigurations>
            <ImplementedShapes></ImplementedShapes>
            <ThingProperties>
                <draftRuntimeLabel>
                    <Value>false</Value>
                    <Timestamp>2024-01-23T19:09:47.401Z</Timestamp>
                    <Quality>GOOD</Quality>
                </draftRuntimeLabel>
                <draftVisibilityLabel>
                    <Value>false</Value>
                    <Timestamp>2024-01-23T19:09:47.401Z</Timestamp>
                    <Quality>GOOD</Quality>
                </draftVisibilityLabel>
                <rolesConfirmed>
                    <Value>true</Value>
                    <Timestamp>2024-01-23T19:09:47.401Z</Timestamp>
                    <Quality>GOOD</Quality>
                </rolesConfirmed>
                <runtimePermissionsSet>
                    <Value>true</Value>
                    <Timestamp>2024-01-23T19:09:47.401Z</Timestamp>
                    <Quality>GOOD</Quality>
                </runtimePermissionsSet>
                <visibilityPermissionsSet>
                    <Value>true</Value>
                    <Timestamp>2024-01-23T19:09:47.401Z</Timestamp>
                    <Quality>GOOD</Quality>
                </visibilityPermissionsSet>
            </ThingProperties>
        </Thing>
    </Things>
</Entities>
