<?xml version="1.0" encoding="UTF-8"?>
<Entities
 majorVersion="9"
 minorVersion="5"
 universal="password">
    <Things>
        <Thing
         aspect.isExtension="true"
         aspect.isSystemObject="false"
         description="Component Helper to set up permissions for PTCDTS.Interface"
         documentationContent=""
         effectiveThingPackage="ConfiguredThing"
         enabled="true"
         homeMashup="PTCDTS.Base.ComponentHelperPermissions_MU"
         identifier=""
         inheritedValueStream=""
         name="PTCDTS.Interface.ComponentPermissionHelper"
         projectName="PTCDTS.Base.Permissions"
         published="false"
         tags=""
         thingTemplate="PTCDTS.Base.ComponentPermissionHelper_TT"
         valueStream="">
            <avatar></avatar>
            <DesignTimePermissions>
                <Create></Create>
                <Read></Read>
                <Update></Update>
                <Delete></Delete>
                <Metadata></Metadata>
            </DesignTimePermissions>
            <RunTimePermissions></RunTimePermissions>
            <VisibilityPermissions>
                <Visibility></Visibility>
            </VisibilityPermissions>
            <ConfigurationTableDefinitions>
                <ConfigurationTableDefinition
                 category=""
                 dataShapeName="PTCDTS.Interface.VisibilityPermissions_DS"
                 description=""
                 isHidden="false"
                 isMultiRow="true"
                 name="VisibilityPermissionsTable"
                 ordinal="0"
                 source="REST"></ConfigurationTableDefinition>
                <ConfigurationTableDefinition
                 category=""
                 dataShapeName="PTCDTS.Interface.RunTimePermissions_DS"
                 description=""
                 isHidden="false"
                 isMultiRow="true"
                 name="RunTimePermissionsTable"
                 ordinal="0"
                 source="REST"></ConfigurationTableDefinition>
            </ConfigurationTableDefinitions>
            <ConfigurationTables>
                <ConfigurationTable
                 dataShapeName=""
                 description=""
                 isMultiRow="false"
                 name="ProjectNameConfiguration"
                 ordinal="0">
                    <DataShape>
                        <FieldDefinitions>
                            <FieldDefinition
                             aspect.isPrimaryKey="true"
                             baseType="STRING"
                             description="Item"
                             name="item"
                             ordinal="1"></FieldDefinition>
                        </FieldDefinitions>
                    </DataShape>
                    <Rows>
                        <Row>
                            <item>
                            <![CDATA[
                            PTCDTS.Interface
                            ]]>
                            </item>
                        </Row>
                    </Rows>
                </ConfigurationTable>
                <ConfigurationTable
                 dataShapeName=""
                 description=""
                 isMultiRow="true"
                 name="RoleGroupsAndOrganizations"
                 ordinal="0">
                    <DataShape>
                        <FieldDefinitions>
                            <FieldDefinition
                             aspect.isPrimaryKey="true"
                             baseType="STRING"
                             description=""
                             name="displayName"
                             ordinal="1"></FieldDefinition>
                            <FieldDefinition
                             aspect.isPrimaryKey="false"
                             baseType="STRING"
                             description=""
                             name="principal"
                             ordinal="2"></FieldDefinition>
                            <FieldDefinition
                             aspect.isPrimaryKey="false"
                             baseType="STRING"
                             description=""
                             name="principalType"
                             ordinal="3"></FieldDefinition>
                        </FieldDefinitions>
                    </DataShape>
                    <Rows>
                        <Row>
                            <displayName>
                            <![CDATA[
                            adminGroup
                            ]]>
                            </displayName>
                            <principal>
                            <![CDATA[
                            PTCDTS.Interface.Admin_UG
                            ]]>
                            </principal>
                            <principalType>
                            <![CDATA[
                            Group
                            ]]>
                            </principalType>
                        </Row>
                        <Row>
                            <displayName>
                            <![CDATA[
                            adminOrg
                            ]]>
                            </displayName>
                            <principal>
                            <![CDATA[
                            PTCDTS.Interface.Default_OR:PTCDTS.Interface.Admin_UG
                            ]]>
                            </principal>
                            <principalType>
                            <![CDATA[
                            OrganizationalUnit
                            ]]>
                            </principalType>
                        </Row>
                        <Row>
                            <displayName>
                            <![CDATA[
                            allUsersGroup
                            ]]>
                            </displayName>
                            <principal>
                            <![CDATA[
                            PTCDTS.Interface.Default_UG
                            ]]>
                            </principal>
                            <principalType>
                            <![CDATA[
                            Group
                            ]]>
                            </principalType>
                        </Row>
                        <Row>
                            <displayName>
                            <![CDATA[
                            allUsersOrg
                            ]]>
                            </displayName>
                            <principal>
                            <![CDATA[
                            PTCDTS.Interface.Default_OR
                            ]]>
                            </principal>
                            <principalType>
                            <![CDATA[
                            Organization
                            ]]>
                            </principalType>
                        </Row>
                    </Rows>
                </ConfigurationTable>
                <ConfigurationTable
                 dataShapeName="PTCDTS.Interface.RunTimePermissions_DS"
                 description=""
                 isMultiRow="true"
                 name="RunTimePermissionsTable"
                 ordinal="0">
                    <DataShape>
                        <FieldDefinitions>
                            <FieldDefinition
                             baseType="BOOLEAN"
                             description=""
                             name="adminGroup"
                             ordinal="7"></FieldDefinition>
                            <FieldDefinition
                             baseType="BOOLEAN"
                             description=""
                             name="allUsersGroup"
                             ordinal="8"></FieldDefinition>
                            <FieldDefinition
                             baseType="STRING"
                             description=""
                             name="entityName"
                             ordinal="4"></FieldDefinition>
                            <FieldDefinition
                             baseType="STRING"
                             description=""
                             name="entityType"
                             ordinal="3"></FieldDefinition>
                            <FieldDefinition
                             aspect.isPrimaryKey="true"
                             baseType="NUMBER"
                             description=""
                             name="ID"
                             ordinal="1"></FieldDefinition>
                            <FieldDefinition
                             baseType="STRING"
                             description=""
                             name="resource"
                             ordinal="5"></FieldDefinition>
                            <FieldDefinition
                             aspect.defaultValue="Live"
                             baseType="STRING"
                             description=""
                             name="Status"
                             ordinal="2"></FieldDefinition>
                            <FieldDefinition
                             baseType="STRING"
                             description=""
                             name="type"
                             ordinal="6"></FieldDefinition>
                        </FieldDefinitions>
                    </DataShape>
                    <Rows>
                        <Row>
                            <ID>0.0</ID>
                            <Status>
                            <![CDATA[
                            Live
                            ]]>
                            </Status>
                            <adminGroup>true</adminGroup>
                            <allUsersGroup>false</allUsersGroup>
                            <entityName>
                            <![CDATA[
                            PTCDTS.Interface.EntryPoint
                            ]]>
                            </entityName>
                            <entityType>
                            <![CDATA[
                            Thing
                            ]]>
                            </entityType>
                            <resource>
                            <![CDATA[
                            *
                            ]]>
                            </resource>
                            <type>
                            <![CDATA[
                            ServiceInvoke
                            ]]>
                            </type>
                        </Row>
                        <Row>
                            <ID>1.0</ID>
                            <Status>
                            <![CDATA[
                            Live
                            ]]>
                            </Status>
                            <adminGroup>true</adminGroup>
                            <allUsersGroup>false</allUsersGroup>
                            <entityName>
                            <![CDATA[
                            PTCDTS.Interface.EntryPoint_TT
                            ]]>
                            </entityName>
                            <entityType>
                            <![CDATA[
                            ThingTemplate
                            ]]>
                            </entityType>
                            <resource>
                            <![CDATA[
                            *
                            ]]>
                            </resource>
                            <type>
                            <![CDATA[
                            ServiceInvoke
                            ]]>
                            </type>
                        </Row>
                        <Row>
                            <ID>2.0</ID>
                            <Status>
                            <![CDATA[
                            Live
                            ]]>
                            </Status>
                            <adminGroup>true</adminGroup>
                            <allUsersGroup>false</allUsersGroup>
                            <entityName>
                            <![CDATA[
                            PTCDTS.Interface.Management_TS
                            ]]>
                            </entityName>
                            <entityType>
                            <![CDATA[
                            ThingShape
                            ]]>
                            </entityType>
                            <resource>
                            <![CDATA[
                            *
                            ]]>
                            </resource>
                            <type>
                            <![CDATA[
                            ServiceInvoke
                            ]]>
                            </type>
                        </Row>
                        <Row>
                            <ID>3.0</ID>
                            <Status>
                            <![CDATA[
                            Live
                            ]]>
                            </Status>
                            <adminGroup>true</adminGroup>
                            <allUsersGroup>false</allUsersGroup>
                            <entityName>
                            <![CDATA[
                            PTCDTS.Interface.Manager
                            ]]>
                            </entityName>
                            <entityType>
                            <![CDATA[
                            Thing
                            ]]>
                            </entityType>
                            <resource>
                            <![CDATA[
                            *
                            ]]>
                            </resource>
                            <type>
                            <![CDATA[
                            ServiceInvoke
                            ]]>
                            </type>
                        </Row>
                        <Row>
                            <ID>4.0</ID>
                            <Status>
                            <![CDATA[
                            Live
                            ]]>
                            </Status>
                            <adminGroup>true</adminGroup>
                            <allUsersGroup>false</allUsersGroup>
                            <entityName>
                            <![CDATA[
                            PTCDTS.Interface.Manager_TT
                            ]]>
                            </entityName>
                            <entityType>
                            <![CDATA[
                            ThingTemplate
                            ]]>
                            </entityType>
                            <resource>
                            <![CDATA[
                            *
                            ]]>
                            </resource>
                            <type>
                            <![CDATA[
                            ServiceInvoke
                            ]]>
                            </type>
                        </Row>
                        <Row>
                            <ID>5.0</ID>
                            <Status>
                            <![CDATA[
                            Live
                            ]]>
                            </Status>
                            <adminGroup>true</adminGroup>
                            <allUsersGroup>false</allUsersGroup>
                            <entityName>
                            <![CDATA[
                            PTCDTS.Interface.ModelLogic_TS
                            ]]>
                            </entityName>
                            <entityType>
                            <![CDATA[
                            ThingShape
                            ]]>
                            </entityType>
                            <resource>
                            <![CDATA[
                            *
                            ]]>
                            </resource>
                            <type>
                            <![CDATA[
                            ServiceInvoke
                            ]]>
                            </type>
                        </Row>
                        <Row>
                            <ID>6.0</ID>
                            <Status>
                            <![CDATA[
                            Live
                            ]]>
                            </Status>
                            <adminGroup>false</adminGroup>
                            <allUsersGroup>false</allUsersGroup>
                            <entityName>
                            <![CDATA[
                            PTCDTS.Interface.ModelLogic_TS
                            ]]>
                            </entityName>
                            <entityType>
                            <![CDATA[
                            ThingShape
                            ]]>
                            </entityType>
                            <resource>
                            <![CDATA[
                            ProcessEventsAsync
                            ]]>
                            </resource>
                            <type>
                            <![CDATA[
                            ServiceInvoke
                            ]]>
                            </type>
                        </Row>
                        <Row>
                            <ID>7.0</ID>
                            <Status>
                            <![CDATA[
                            Live
                            ]]>
                            </Status>
                            <adminGroup>false</adminGroup>
                            <allUsersGroup>false</allUsersGroup>
                            <entityName>
                            <![CDATA[
                            PTCDTS.Interface.ModelLogic_TS
                            ]]>
                            </entityName>
                            <entityType>
                            <![CDATA[
                            ThingShape
                            ]]>
                            </entityType>
                            <resource>
                            <![CDATA[
                            CreateExternalSystemTables
                            ]]>
                            </resource>
                            <type>
                            <![CDATA[
                            ServiceInvoke
                            ]]>
                            </type>
                        </Row>
                        <Row>
                            <ID>8.0</ID>
                            <Status>
                            <![CDATA[
                            Live
                            ]]>
                            </Status>
                            <adminGroup>false</adminGroup>
                            <allUsersGroup>false</allUsersGroup>
                            <entityName>
                            <![CDATA[
                            PTCDTS.Interface.ModelLogic_TS
                            ]]>
                            </entityName>
                            <entityType>
                            <![CDATA[
                            ThingShape
                            ]]>
                            </entityType>
                            <resource>
                            <![CDATA[
                            GetExternalEvents
                            ]]>
                            </resource>
                            <type>
                            <![CDATA[
                            ServiceInvoke
                            ]]>
                            </type>
                        </Row>
                        <Row>
                            <ID>9.0</ID>
                            <Status>
                            <![CDATA[
                            Live
                            ]]>
                            </Status>
                            <adminGroup>false</adminGroup>
                            <allUsersGroup>false</allUsersGroup>
                            <entityName>
                            <![CDATA[
                            PTCDTS.Interface.ModelLogic_TS
                            ]]>
                            </entityName>
                            <entityType>
                            <![CDATA[
                            ThingShape
                            ]]>
                            </entityType>
                            <resource>
                            <![CDATA[
                            CreateExternalEvent
                            ]]>
                            </resource>
                            <type>
                            <![CDATA[
                            ServiceInvoke
                            ]]>
                            </type>
                        </Row>
                        <Row>
                            <ID>10.0</ID>
                            <Status>
                            <![CDATA[
                            Live
                            ]]>
                            </Status>
                            <adminGroup>false</adminGroup>
                            <allUsersGroup>false</allUsersGroup>
                            <entityName>
                            <![CDATA[
                            PTCDTS.Interface.ModelLogic_TS
                            ]]>
                            </entityName>
                            <entityType>
                            <![CDATA[
                            ThingShape
                            ]]>
                            </entityType>
                            <resource>
                            <![CDATA[
                            DeleteOneOf
                            ]]>
                            </resource>
                            <type>
                            <![CDATA[
                            ServiceInvoke
                            ]]>
                            </type>
                        </Row>
                        <Row>
                            <ID>11.0</ID>
                            <Status>
                            <![CDATA[
                            Live
                            ]]>
                            </Status>
                            <adminGroup>false</adminGroup>
                            <allUsersGroup>false</allUsersGroup>
                            <entityName>
                            <![CDATA[
                            PTCDTS.Interface.ModelLogic_TS
                            ]]>
                            </entityName>
                            <entityType>
                            <![CDATA[
                            ThingShape
                            ]]>
                            </entityType>
                            <resource>
                            <![CDATA[
                            AddOrUpdateAvailabilityEvent
                            ]]>
                            </resource>
                            <type>
                            <![CDATA[
                            ServiceInvoke
                            ]]>
                            </type>
                        </Row>
                        <Row>
                            <ID>12.0</ID>
                            <Status>
                            <![CDATA[
                            Live
                            ]]>
                            </Status>
                            <adminGroup>false</adminGroup>
                            <allUsersGroup>false</allUsersGroup>
                            <entityName>
                            <![CDATA[
                            PTCDTS.Interface.ModelLogic_TS
                            ]]>
                            </entityName>
                            <entityType>
                            <![CDATA[
                            ThingShape
                            ]]>
                            </entityType>
                            <resource>
                            <![CDATA[
                            AddOrUpdateProductionEvent
                            ]]>
                            </resource>
                            <type>
                            <![CDATA[
                            ServiceInvoke
                            ]]>
                            </type>
                        </Row>
                        <Row>
                            <ID>13.0</ID>
                            <Status>
                            <![CDATA[
                            Live
                            ]]>
                            </Status>
                            <adminGroup>false</adminGroup>
                            <allUsersGroup>false</allUsersGroup>
                            <entityName>
                            <![CDATA[
                            PTCDTS.Interface.ModelLogic_TS
                            ]]>
                            </entityName>
                            <entityType>
                            <![CDATA[
                            ThingShape
                            ]]>
                            </entityType>
                            <resource>
                            <![CDATA[
                            GetExternalSystem
                            ]]>
                            </resource>
                            <type>
                            <![CDATA[
                            ServiceInvoke
                            ]]>
                            </type>
                        </Row>
                        <Row>
                            <ID>14.0</ID>
                            <Status>
                            <![CDATA[
                            Live
                            ]]>
                            </Status>
                            <adminGroup>false</adminGroup>
                            <allUsersGroup>false</allUsersGroup>
                            <entityName>
                            <![CDATA[
                            PTCDTS.Interface.ModelLogic_TS
                            ]]>
                            </entityName>
                            <entityType>
                            <![CDATA[
                            ThingShape
                            ]]>
                            </entityType>
                            <resource>
                            <![CDATA[
                            GetMachineCode
                            ]]>
                            </resource>
                            <type>
                            <![CDATA[
                            ServiceInvoke
                            ]]>
                            </type>
                        </Row>
                        <Row>
                            <ID>15.0</ID>
                            <Status>
                            <![CDATA[
                            Live
                            ]]>
                            </Status>
                            <adminGroup>false</adminGroup>
                            <allUsersGroup>false</allUsersGroup>
                            <entityName>
                            <![CDATA[
                            PTCDTS.Interface.ModelLogic_TS
                            ]]>
                            </entityName>
                            <entityType>
                            <![CDATA[
                            ThingShape
                            ]]>
                            </entityType>
                            <resource>
                            <![CDATA[
                            UpdateManyOf
                            ]]>
                            </resource>
                            <type>
                            <![CDATA[
                            ServiceInvoke
                            ]]>
                            </type>
                        </Row>
                        <Row>
                            <ID>16.0</ID>
                            <Status>
                            <![CDATA[
                            Live
                            ]]>
                            </Status>
                            <adminGroup>false</adminGroup>
                            <allUsersGroup>false</allUsersGroup>
                            <entityName>
                            <![CDATA[
                            PTCDTS.Interface.ModelLogic_TS
                            ]]>
                            </entityName>
                            <entityType>
                            <![CDATA[
                            ThingShape
                            ]]>
                            </entityType>
                            <resource>
                            <![CDATA[
                            CreateExternalSystems
                            ]]>
                            </resource>
                            <type>
                            <![CDATA[
                            ServiceInvoke
                            ]]>
                            </type>
                        </Row>
                        <Row>
                            <ID>17.0</ID>
                            <Status>
                            <![CDATA[
                            Live
                            ]]>
                            </Status>
                            <adminGroup>false</adminGroup>
                            <allUsersGroup>false</allUsersGroup>
                            <entityName>
                            <![CDATA[
                            PTCDTS.Interface.ModelLogic_TS
                            ]]>
                            </entityName>
                            <entityType>
                            <![CDATA[
                            ThingShape
                            ]]>
                            </entityType>
                            <resource>
                            <![CDATA[
                            UpdateExternalSystems
                            ]]>
                            </resource>
                            <type>
                            <![CDATA[
                            ServiceInvoke
                            ]]>
                            </type>
                        </Row>
                        <Row>
                            <ID>18.0</ID>
                            <Status>
                            <![CDATA[
                            Live
                            ]]>
                            </Status>
                            <adminGroup>false</adminGroup>
                            <allUsersGroup>false</allUsersGroup>
                            <entityName>
                            <![CDATA[
                            PTCDTS.Interface.ModelLogic_TS
                            ]]>
                            </entityName>
                            <entityType>
                            <![CDATA[
                            ThingShape
                            ]]>
                            </entityType>
                            <resource>
                            <![CDATA[
                            AddExternalEvent
                            ]]>
                            </resource>
                            <type>
                            <![CDATA[
                            ServiceInvoke
                            ]]>
                            </type>
                        </Row>
                        <Row>
                            <ID>19.0</ID>
                            <Status>
                            <![CDATA[
                            Live
                            ]]>
                            </Status>
                            <adminGroup>false</adminGroup>
                            <allUsersGroup>false</allUsersGroup>
                            <entityName>
                            <![CDATA[
                            PTCDTS.Interface.ModelLogic_TS
                            ]]>
                            </entityName>
                            <entityType>
                            <![CDATA[
                            ThingShape
                            ]]>
                            </entityType>
                            <resource>
                            <![CDATA[
                            ProcessEvents
                            ]]>
                            </resource>
                            <type>
                            <![CDATA[
                            ServiceInvoke
                            ]]>
                            </type>
                        </Row>
                        <Row>
                            <ID>20.0</ID>
                            <Status>
                            <![CDATA[
                            Live
                            ]]>
                            </Status>
                            <adminGroup>false</adminGroup>
                            <allUsersGroup>false</allUsersGroup>
                            <entityName>
                            <![CDATA[
                            PTCDTS.Interface.ModelLogic_TS
                            ]]>
                            </entityName>
                            <entityType>
                            <![CDATA[
                            ThingShape
                            ]]>
                            </entityType>
                            <resource>
                            <![CDATA[
                            GetDatabaseThingName
                            ]]>
                            </resource>
                            <type>
                            <![CDATA[
                            ServiceInvoke
                            ]]>
                            </type>
                        </Row>
                        <Row>
                            <ID>21.0</ID>
                            <Status>
                            <![CDATA[
                            Live
                            ]]>
                            </Status>
                            <adminGroup>false</adminGroup>
                            <allUsersGroup>false</allUsersGroup>
                            <entityName>
                            <![CDATA[
                            PTCDTS.Interface.ModelLogic_TS
                            ]]>
                            </entityName>
                            <entityType>
                            <![CDATA[
                            ThingShape
                            ]]>
                            </entityType>
                            <resource>
                            <![CDATA[
                            CreateManyOf
                            ]]>
                            </resource>
                            <type>
                            <![CDATA[
                            ServiceInvoke
                            ]]>
                            </type>
                        </Row>
                        <Row>
                            <ID>22.0</ID>
                            <Status>
                            <![CDATA[
                            Live
                            ]]>
                            </Status>
                            <adminGroup>false</adminGroup>
                            <allUsersGroup>false</allUsersGroup>
                            <entityName>
                            <![CDATA[
                            PTCDTS.Interface.ModelLogic_TS
                            ]]>
                            </entityName>
                            <entityType>
                            <![CDATA[
                            ThingShape
                            ]]>
                            </entityType>
                            <resource>
                            <![CDATA[
                            DeleteExternalSystem
                            ]]>
                            </resource>
                            <type>
                            <![CDATA[
                            ServiceInvoke
                            ]]>
                            </type>
                        </Row>
                        <Row>
                            <ID>23.0</ID>
                            <Status>
                            <![CDATA[
                            Live
                            ]]>
                            </Status>
                            <adminGroup>false</adminGroup>
                            <allUsersGroup>false</allUsersGroup>
                            <entityName>
                            <![CDATA[
                            PTCDTS.Interface.ModelLogic_TS
                            ]]>
                            </entityName>
                            <entityType>
                            <![CDATA[
                            ThingShape
                            ]]>
                            </entityType>
                            <resource>
                            <![CDATA[
                            ConvertEventJSONToInfoTable
                            ]]>
                            </resource>
                            <type>
                            <![CDATA[
                            ServiceInvoke
                            ]]>
                            </type>
                        </Row>
                        <Row>
                            <ID>24.0</ID>
                            <Status>
                            <![CDATA[
                            Live
                            ]]>
                            </Status>
                            <adminGroup>false</adminGroup>
                            <allUsersGroup>false</allUsersGroup>
                            <entityName>
                            <![CDATA[
                            PTCDTS.Interface.ModelLogic_TS
                            ]]>
                            </entityName>
                            <entityType>
                            <![CDATA[
                            ThingShape
                            ]]>
                            </entityType>
                            <resource>
                            <![CDATA[
                            AddJobOrderCopy
                            ]]>
                            </resource>
                            <type>
                            <![CDATA[
                            ServiceInvoke
                            ]]>
                            </type>
                        </Row>
                        <Row>
                            <ID>25.0</ID>
                            <Status>
                            <![CDATA[
                            Live
                            ]]>
                            </Status>
                            <adminGroup>false</adminGroup>
                            <allUsersGroup>false</allUsersGroup>
                            <entityName>
                            <![CDATA[
                            PTCDTS.Interface.ModelLogic_TS
                            ]]>
                            </entityName>
                            <entityType>
                            <![CDATA[
                            ThingShape
                            ]]>
                            </entityType>
                            <resource>
                            <![CDATA[
                            AddJobOrder
                            ]]>
                            </resource>
                            <type>
                            <![CDATA[
                            ServiceInvoke
                            ]]>
                            </type>
                        </Row>
                        <Row>
                            <ID>26.0</ID>
                            <Status>
                            <![CDATA[
                            Live
                            ]]>
                            </Status>
                            <adminGroup>false</adminGroup>
                            <allUsersGroup>false</allUsersGroup>
                            <entityName>
                            <![CDATA[
                            PTCDTS.Interface.ModelLogic_TS
                            ]]>
                            </entityName>
                            <entityType>
                            <![CDATA[
                            ThingShape
                            ]]>
                            </entityType>
                            <resource>
                            <![CDATA[
                            AddOrUpdateLossEvent
                            ]]>
                            </resource>
                            <type>
                            <![CDATA[
                            ServiceInvoke
                            ]]>
                            </type>
                        </Row>
                        <Row>
                            <ID>27.0</ID>
                            <Status>
                            <![CDATA[
                            Live
                            ]]>
                            </Status>
                            <adminGroup>false</adminGroup>
                            <allUsersGroup>false</allUsersGroup>
                            <entityName>
                            <![CDATA[
                            PTCDTS.Interface.ModelLogic_TS
                            ]]>
                            </entityName>
                            <entityType>
                            <![CDATA[
                            ThingShape
                            ]]>
                            </entityType>
                            <resource>
                            <![CDATA[
                            ValidateEventType
                            ]]>
                            </resource>
                            <type>
                            <![CDATA[
                            ServiceInvoke
                            ]]>
                            </type>
                        </Row>
                        <Row>
                            <ID>28.0</ID>
                            <Status>
                            <![CDATA[
                            Live
                            ]]>
                            </Status>
                            <adminGroup>false</adminGroup>
                            <allUsersGroup>false</allUsersGroup>
                            <entityName>
                            <![CDATA[
                            PTCDTS.Interface.ModelLogic_TS
                            ]]>
                            </entityName>
                            <entityType>
                            <![CDATA[
                            ThingShape
                            ]]>
                            </entityType>
                            <resource>
                            <![CDATA[
                            GetMachineCodeFromCategoryTree
                            ]]>
                            </resource>
                            <type>
                            <![CDATA[
                            ServiceInvoke
                            ]]>
                            </type>
                        </Row>
                        <Row>
                            <ID>29.0</ID>
                            <Status>
                            <![CDATA[
                            Live
                            ]]>
                            </Status>
                            <adminGroup>false</adminGroup>
                            <allUsersGroup>false</allUsersGroup>
                            <entityName>
                            <![CDATA[
                            PTCDTS.Interface.ModelLogic_TS
                            ]]>
                            </entityName>
                            <entityType>
                            <![CDATA[
                            ThingShape
                            ]]>
                            </entityType>
                            <resource>
                            <![CDATA[
                            DeleteExternalEvent
                            ]]>
                            </resource>
                            <type>
                            <![CDATA[
                            ServiceInvoke
                            ]]>
                            </type>
                        </Row>
                        <Row>
                            <ID>30.0</ID>
                            <Status>
                            <![CDATA[
                            Live
                            ]]>
                            </Status>
                            <adminGroup>false</adminGroup>
                            <allUsersGroup>false</allUsersGroup>
                            <entityName>
                            <![CDATA[
                            PTCDTS.Interface.ModelLogic_TS
                            ]]>
                            </entityName>
                            <entityType>
                            <![CDATA[
                            ThingShape
                            ]]>
                            </entityType>
                            <resource>
                            <![CDATA[
                            DeleteManyOf
                            ]]>
                            </resource>
                            <type>
                            <![CDATA[
                            ServiceInvoke
                            ]]>
                            </type>
                        </Row>
                        <Row>
                            <ID>31.0</ID>
                            <Status>
                            <![CDATA[
                            Live
                            ]]>
                            </Status>
                            <adminGroup>false</adminGroup>
                            <allUsersGroup>false</allUsersGroup>
                            <entityName>
                            <![CDATA[
                            PTCDTS.Interface.ModelLogic_TS
                            ]]>
                            </entityName>
                            <entityType>
                            <![CDATA[
                            ThingShape
                            ]]>
                            </entityType>
                            <resource>
                            <![CDATA[
                            GetManyOf
                            ]]>
                            </resource>
                            <type>
                            <![CDATA[
                            ServiceInvoke
                            ]]>
                            </type>
                        </Row>
                        <Row>
                            <ID>32.0</ID>
                            <Status>
                            <![CDATA[
                            Live
                            ]]>
                            </Status>
                            <adminGroup>false</adminGroup>
                            <allUsersGroup>false</allUsersGroup>
                            <entityName>
                            <![CDATA[
                            PTCDTS.Interface.ModelLogic_TS
                            ]]>
                            </entityName>
                            <entityType>
                            <![CDATA[
                            ThingShape
                            ]]>
                            </entityType>
                            <resource>
                            <![CDATA[
                            GetReasonTreenode
                            ]]>
                            </resource>
                            <type>
                            <![CDATA[
                            ServiceInvoke
                            ]]>
                            </type>
                        </Row>
                        <Row>
                            <ID>33.0</ID>
                            <Status>
                            <![CDATA[
                            Live
                            ]]>
                            </Status>
                            <adminGroup>false</adminGroup>
                            <allUsersGroup>false</allUsersGroup>
                            <entityName>
                            <![CDATA[
                            PTCDTS.Interface.ModelLogic_TS
                            ]]>
                            </entityName>
                            <entityType>
                            <![CDATA[
                            ThingShape
                            ]]>
                            </entityType>
                            <resource>
                            <![CDATA[
                            AddOrUpdateJobOrderEvent
                            ]]>
                            </resource>
                            <type>
                            <![CDATA[
                            ServiceInvoke
                            ]]>
                            </type>
                        </Row>
                        <Row>
                            <ID>34.0</ID>
                            <Status>
                            <![CDATA[
                            Live
                            ]]>
                            </Status>
                            <adminGroup>false</adminGroup>
                            <allUsersGroup>false</allUsersGroup>
                            <entityName>
                            <![CDATA[
                            PTCDTS.Interface.ModelLogic_TS
                            ]]>
                            </entityName>
                            <entityType>
                            <![CDATA[
                            ThingShape
                            ]]>
                            </entityType>
                            <resource>
                            <![CDATA[
                            GetOneOf
                            ]]>
                            </resource>
                            <type>
                            <![CDATA[
                            ServiceInvoke
                            ]]>
                            </type>
                        </Row>
                        <Row>
                            <ID>35.0</ID>
                            <Status>
                            <![CDATA[
                            Live
                            ]]>
                            </Status>
                            <adminGroup>false</adminGroup>
                            <allUsersGroup>false</allUsersGroup>
                            <entityName>
                            <![CDATA[
                            PTCDTS.Interface.ModelLogic_TS
                            ]]>
                            </entityName>
                            <entityType>
                            <![CDATA[
                            ThingShape
                            ]]>
                            </entityType>
                            <resource>
                            <![CDATA[
                            ProcessJobOrder
                            ]]>
                            </resource>
                            <type>
                            <![CDATA[
                            ServiceInvoke
                            ]]>
                            </type>
                        </Row>
                        <Row>
                            <ID>36.0</ID>
                            <Status>
                            <![CDATA[
                            Live
                            ]]>
                            </Status>
                            <adminGroup>false</adminGroup>
                            <allUsersGroup>false</allUsersGroup>
                            <entityName>
                            <![CDATA[
                            PTCDTS.Interface.ModelLogic_TS
                            ]]>
                            </entityName>
                            <entityType>
                            <![CDATA[
                            ThingShape
                            ]]>
                            </entityType>
                            <resource>
                            <![CDATA[
                            GetExternalSystemDBInfo
                            ]]>
                            </resource>
                            <type>
                            <![CDATA[
                            ServiceInvoke
                            ]]>
                            </type>
                        </Row>
                        <Row>
                            <ID>37.0</ID>
                            <Status>
                            <![CDATA[
                            Live
                            ]]>
                            </Status>
                            <adminGroup>false</adminGroup>
                            <allUsersGroup>false</allUsersGroup>
                            <entityName>
                            <![CDATA[
                            PTCDTS.Interface.ModelLogic_TS
                            ]]>
                            </entityName>
                            <entityType>
                            <![CDATA[
                            ThingShape
                            ]]>
                            </entityType>
                            <resource>
                            <![CDATA[
                            SetPropertyValue
                            ]]>
                            </resource>
                            <type>
                            <![CDATA[
                            ServiceInvoke
                            ]]>
                            </type>
                        </Row>
                        <Row>
                            <ID>38.0</ID>
                            <Status>
                            <![CDATA[
                            Live
                            ]]>
                            </Status>
                            <adminGroup>false</adminGroup>
                            <allUsersGroup>false</allUsersGroup>
                            <entityName>
                            <![CDATA[
                            PTCDTS.Interface.ModelLogic_TS
                            ]]>
                            </entityName>
                            <entityType>
                            <![CDATA[
                            ThingShape
                            ]]>
                            </entityType>
                            <resource>
                            <![CDATA[
                            GetReasonTreeNodeFromCategoryTree
                            ]]>
                            </resource>
                            <type>
                            <![CDATA[
                            ServiceInvoke
                            ]]>
                            </type>
                        </Row>
                        <Row>
                            <ID>39.0</ID>
                            <Status>
                            <![CDATA[
                            Live
                            ]]>
                            </Status>
                            <adminGroup>false</adminGroup>
                            <allUsersGroup>false</allUsersGroup>
                            <entityName>
                            <![CDATA[
                            PTCDTS.Interface.ModelLogic_TS
                            ]]>
                            </entityName>
                            <entityType>
                            <![CDATA[
                            ThingShape
                            ]]>
                            </entityType>
                            <resource>
                            <![CDATA[
                            CreateProductionBlock
                            ]]>
                            </resource>
                            <type>
                            <![CDATA[
                            ServiceInvoke
                            ]]>
                            </type>
                        </Row>
                        <Row>
                            <ID>40.0</ID>
                            <Status>
                            <![CDATA[
                            Live
                            ]]>
                            </Status>
                            <adminGroup>false</adminGroup>
                            <allUsersGroup>false</allUsersGroup>
                            <entityName>
                            <![CDATA[
                            PTCDTS.Interface.ModelLogic_TS
                            ]]>
                            </entityName>
                            <entityType>
                            <![CDATA[
                            ThingShape
                            ]]>
                            </entityType>
                            <resource>
                            <![CDATA[
                            GetExternalSystems
                            ]]>
                            </resource>
                            <type>
                            <![CDATA[
                            ServiceInvoke
                            ]]>
                            </type>
                        </Row>
                        <Row>
                            <ID>41.0</ID>
                            <Status>
                            <![CDATA[
                            Live
                            ]]>
                            </Status>
                            <adminGroup>false</adminGroup>
                            <allUsersGroup>false</allUsersGroup>
                            <entityName>
                            <![CDATA[
                            PTCDTS.Interface.ModelLogic_TS
                            ]]>
                            </entityName>
                            <entityType>
                            <![CDATA[
                            ThingShape
                            ]]>
                            </entityType>
                            <resource>
                            <![CDATA[
                            AddOrUpdateScrapEvent
                            ]]>
                            </resource>
                            <type>
                            <![CDATA[
                            ServiceInvoke
                            ]]>
                            </type>
                        </Row>
                    </Rows>
                </ConfigurationTable>
                <ConfigurationTable
                 dataShapeName="PTCDTS.Interface.VisibilityPermissions_DS"
                 description=""
                 isMultiRow="true"
                 name="VisibilityPermissionsTable"
                 ordinal="0">
                    <DataShape>
                        <FieldDefinitions>
                            <FieldDefinition
                             baseType="BOOLEAN"
                             description=""
                             name="adminOrg"
                             ordinal="4"></FieldDefinition>
                            <FieldDefinition
                             baseType="BOOLEAN"
                             description=""
                             name="allUsersOrg"
                             ordinal="5"></FieldDefinition>
                            <FieldDefinition
                             aspect.isPrimaryKey="true"
                             baseType="STRING"
                             description=""
                             name="entityName"
                             ordinal="3"></FieldDefinition>
                            <FieldDefinition
                             baseType="STRING"
                             description=""
                             name="entityType"
                             ordinal="2"></FieldDefinition>
                            <FieldDefinition
                             aspect.defaultValue="Live"
                             baseType="STRING"
                             description=""
                             name="Status"
                             ordinal="1"></FieldDefinition>
                        </FieldDefinitions>
                    </DataShape>
                    <Rows>
                        <Row>
                            <Status>
                            <![CDATA[
                            Live
                            ]]>
                            </Status>
                            <adminOrg>true</adminOrg>
                            <allUsersOrg>false</allUsersOrg>
                            <entityName>
                            <![CDATA[
                            PTCDTS.Interface
                            ]]>
                            </entityName>
                            <entityType>
                            <![CDATA[
                            Project
                            ]]>
                            </entityType>
                        </Row>
                        <Row>
                            <Status>
                            <![CDATA[
                            Live
                            ]]>
                            </Status>
                            <adminOrg>true</adminOrg>
                            <allUsersOrg>false</allUsersOrg>
                            <entityName>
                            <![CDATA[
                            PTCDTS.Interface.Admin_UG
                            ]]>
                            </entityName>
                            <entityType>
                            <![CDATA[
                            Group
                            ]]>
                            </entityType>
                        </Row>
                        <Row>
                            <Status>
                            <![CDATA[
                            Live
                            ]]>
                            </Status>
                            <adminOrg>true</adminOrg>
                            <allUsersOrg>false</allUsersOrg>
                            <entityName>
                            <![CDATA[
                            PTCDTS.Interface.Default_OR
                            ]]>
                            </entityName>
                            <entityType>
                            <![CDATA[
                            Organization
                            ]]>
                            </entityType>
                        </Row>
                        <Row>
                            <Status>
                            <![CDATA[
                            Live
                            ]]>
                            </Status>
                            <adminOrg>true</adminOrg>
                            <allUsersOrg>false</allUsersOrg>
                            <entityName>
                            <![CDATA[
                            PTCDTS.Interface.Default_UG
                            ]]>
                            </entityName>
                            <entityType>
                            <![CDATA[
                            Group
                            ]]>
                            </entityType>
                        </Row>
                        <Row>
                            <Status>
                            <![CDATA[
                            Live
                            ]]>
                            </Status>
                            <adminOrg>true</adminOrg>
                            <allUsersOrg>false</allUsersOrg>
                            <entityName>
                            <![CDATA[
                            PTCDTS.Interface.EntryPoint
                            ]]>
                            </entityName>
                            <entityType>
                            <![CDATA[
                            Thing
                            ]]>
                            </entityType>
                        </Row>
                        <Row>
                            <Status>
                            <![CDATA[
                            Live
                            ]]>
                            </Status>
                            <adminOrg>true</adminOrg>
                            <allUsersOrg>false</allUsersOrg>
                            <entityName>
                            <![CDATA[
                            PTCDTS.Interface.EntryPoint_TT
                            ]]>
                            </entityName>
                            <entityType>
                            <![CDATA[
                            ThingTemplate
                            ]]>
                            </entityType>
                        </Row>
                        <Row>
                            <Status>
                            <![CDATA[
                            Live
                            ]]>
                            </Status>
                            <adminOrg>true</adminOrg>
                            <allUsersOrg>false</allUsersOrg>
                            <entityName>
                            <![CDATA[
                            PTCDTS.Interface.EventDataShape
                            ]]>
                            </entityName>
                            <entityType>
                            <![CDATA[
                            DataShape
                            ]]>
                            </entityType>
                        </Row>
                        <Row>
                            <Status>
                            <![CDATA[
                            Live
                            ]]>
                            </Status>
                            <adminOrg>true</adminOrg>
                            <allUsersOrg>false</allUsersOrg>
                            <entityName>
                            <![CDATA[
                            PTCDTS.Interface.EventReason
                            ]]>
                            </entityName>
                            <entityType>
                            <![CDATA[
                            DataShape
                            ]]>
                            </entityType>
                        </Row>
                        <Row>
                            <Status>
                            <![CDATA[
                            Live
                            ]]>
                            </Status>
                            <adminOrg>true</adminOrg>
                            <allUsersOrg>false</allUsersOrg>
                            <entityName>
                            <![CDATA[
                            PTCDTS.Interface.ExternalEventMapping
                            ]]>
                            </entityName>
                            <entityType>
                            <![CDATA[
                            DataShape
                            ]]>
                            </entityType>
                        </Row>
                        <Row>
                            <Status>
                            <![CDATA[
                            Live
                            ]]>
                            </Status>
                            <adminOrg>true</adminOrg>
                            <allUsersOrg>false</allUsersOrg>
                            <entityName>
                            <![CDATA[
                            PTCDTS.Interface.InterfaceSystems
                            ]]>
                            </entityName>
                            <entityType>
                            <![CDATA[
                            DataShape
                            ]]>
                            </entityType>
                        </Row>
                        <Row>
                            <Status>
                            <![CDATA[
                            Live
                            ]]>
                            </Status>
                            <adminOrg>true</adminOrg>
                            <allUsersOrg>false</allUsersOrg>
                            <entityName>
                            <![CDATA[
                            PTCDTS.Interface.JobOrderDataShape
                            ]]>
                            </entityName>
                            <entityType>
                            <![CDATA[
                            DataShape
                            ]]>
                            </entityType>
                        </Row>
                        <Row>
                            <Status>
                            <![CDATA[
                            Live
                            ]]>
                            </Status>
                            <adminOrg>true</adminOrg>
                            <allUsersOrg>false</allUsersOrg>
                            <entityName>
                            <![CDATA[
                            PTCDTS.Interface.Management_TS
                            ]]>
                            </entityName>
                            <entityType>
                            <![CDATA[
                            ThingShape
                            ]]>
                            </entityType>
                        </Row>
                        <Row>
                            <Status>
                            <![CDATA[
                            Live
                            ]]>
                            </Status>
                            <adminOrg>true</adminOrg>
                            <allUsersOrg>false</allUsersOrg>
                            <entityName>
                            <![CDATA[
                            PTCDTS.Interface.Manager
                            ]]>
                            </entityName>
                            <entityType>
                            <![CDATA[
                            Thing
                            ]]>
                            </entityType>
                        </Row>
                        <Row>
                            <Status>
                            <![CDATA[
                            Live
                            ]]>
                            </Status>
                            <adminOrg>true</adminOrg>
                            <allUsersOrg>false</allUsersOrg>
                            <entityName>
                            <![CDATA[
                            PTCDTS.Interface.Manager_TT
                            ]]>
                            </entityName>
                            <entityType>
                            <![CDATA[
                            ThingTemplate
                            ]]>
                            </entityType>
                        </Row>
                        <Row>
                            <Status>
                            <![CDATA[
                            Live
                            ]]>
                            </Status>
                            <adminOrg>true</adminOrg>
                            <allUsersOrg>false</allUsersOrg>
                            <entityName>
                            <![CDATA[
                            PTCDTS.Interface.ModelLogic_TS
                            ]]>
                            </entityName>
                            <entityType>
                            <![CDATA[
                            ThingShape
                            ]]>
                            </entityType>
                        </Row>
                        <Row>
                            <Status>
                            <![CDATA[
                            Live
                            ]]>
                            </Status>
                            <adminOrg>true</adminOrg>
                            <allUsersOrg>false</allUsersOrg>
                            <entityName>
                            <![CDATA[
                            PTCDTS.Interface.ReasonsDataShape
                            ]]>
                            </entityName>
                            <entityType>
                            <![CDATA[
                            DataShape
                            ]]>
                            </entityType>
                        </Row>
                    </Rows>
                </ConfigurationTable>
            </ConfigurationTables>
            <ThingShape>
                <PropertyDefinitions></PropertyDefinitions>
                <ServiceDefinitions></ServiceDefinitions>
                <EventDefinitions></EventDefinitions>
                <ServiceMappings></ServiceMappings>
                <ServiceImplementations></ServiceImplementations>
                <Subscriptions></Subscriptions>
            </ThingShape>
            <PropertyBindings></PropertyBindings>
            <RemotePropertyBindings></RemotePropertyBindings>
            <RemoteServiceBindings></RemoteServiceBindings>
            <RemoteEventBindings></RemoteEventBindings>
            <AlertConfigurations></AlertConfigurations>
            <ImplementedShapes></ImplementedShapes>
            <ThingProperties>
                <draftRuntimeLabel>
                    <Value>true</Value>
                    <Timestamp>1970-01-01T00:00:00.000Z</Timestamp>
                    <Quality>UNKNOWN</Quality>
                </draftRuntimeLabel>
                <draftVisibilityLabel>
                    <Value>true</Value>
                    <Timestamp>1970-01-01T00:00:00.000Z</Timestamp>
                    <Quality>UNKNOWN</Quality>
                </draftVisibilityLabel>
                <rolesConfirmed>
                    <Value>true</Value>
                    <Timestamp>1970-01-01T00:00:00.000Z</Timestamp>
                    <Quality>UNKNOWN</Quality>
                </rolesConfirmed>
                <runtimePermissionsSet>
                    <Value>true</Value>
                    <Timestamp>2022-02-16T18:12:59.819Z</Timestamp>
                    <Quality>GOOD</Quality>
                </runtimePermissionsSet>
                <visibilityPermissionsSet>
                    <Value>true</Value>
                    <Timestamp>2022-02-16T18:12:38.226Z</Timestamp>
                    <Quality>GOOD</Quality>
                </visibilityPermissionsSet>
            </ThingProperties>
        </Thing>
    </Things>
</Entities>
