<?xml version="1.0" encoding="UTF-8" standalone="no"?><Entities build="b141" majorVersion="9" minorVersion="5" revision="0" schemaVersion="1150">
  <LocalizationTables>
    <LocalizationTable aspect.isCreatable="false" aspect.isEditableSystemObject="true" description="de localization table" documentationContent="" homeMashup="" lastModifiedDate="2024-01-23T18:46:29.652Z" name="de" tags="">
      <avatar/>
      <ConfigurationTables>
        <ConfigurationTable description="Localization tokens and usage" isHidden="false" isMultiRow="true" name="LocalizationTokens" ordinal="0">
          <DataShape>
            <FieldDefinitions>
              <FieldDefinition aspect.friendlyName="Translation context" baseType="STRING" description="Translation context" name="context" ordinal="3"/>
              <FieldDefinition aspect.friendlyName="Token name" baseType="STRING" description="Token name" name="name" ordinal="0"/>
              <FieldDefinition aspect.friendlyName="Token usage" baseType="STRING" description="Token usage" name="usage" ordinal="2"/>
              <FieldDefinition aspect.friendlyName="Localized value" baseType="STRING" description="Localized value" name="value" ordinal="1"/>
            </FieldDefinitions>
          </DataShape>
          <Rows/>
        </ConfigurationTable>
      </ConfigurationTables>
    </LocalizationTable>
    <LocalizationTable aspect.isCreatable="false" aspect.isEditableSystemObject="true" description="ru localization table" documentationContent="" homeMashup="" lastModifiedDate="2024-01-23T18:46:29.663Z" name="ru" tags="">
      <avatar/>
      <ConfigurationTables>
        <ConfigurationTable description="Localization tokens and usage" isHidden="false" isMultiRow="true" name="LocalizationTokens" ordinal="0">
          <DataShape>
            <FieldDefinitions>
              <FieldDefinition aspect.friendlyName="Translation context" baseType="STRING" description="Translation context" name="context" ordinal="3"/>
              <FieldDefinition aspect.friendlyName="Token name" baseType="STRING" description="Token name" name="name" ordinal="0"/>
              <FieldDefinition aspect.friendlyName="Token usage" baseType="STRING" description="Token usage" name="usage" ordinal="2"/>
              <FieldDefinition aspect.friendlyName="Localized value" baseType="STRING" description="Localized value" name="value" ordinal="1"/>
            </FieldDefinitions>
          </DataShape>
          <Rows/>
        </ConfigurationTable>
      </ConfigurationTables>
    </LocalizationTable>
    <LocalizationTable aspect.isCreatable="false" aspect.isEditableSystemObject="true" description="ko localization table" documentationContent="" homeMashup="" lastModifiedDate="2024-01-23T18:46:29.688Z" name="ko" tags="">
      <avatar/>
      <ConfigurationTables>
        <ConfigurationTable description="Localization tokens and usage" isHidden="false" isMultiRow="true" name="LocalizationTokens" ordinal="0">
          <DataShape>
            <FieldDefinitions>
              <FieldDefinition aspect.friendlyName="Translation context" baseType="STRING" description="Translation context" name="context" ordinal="3"/>
              <FieldDefinition aspect.friendlyName="Token name" baseType="STRING" description="Token name" name="name" ordinal="0"/>
              <FieldDefinition aspect.friendlyName="Token usage" baseType="STRING" description="Token usage" name="usage" ordinal="2"/>
              <FieldDefinition aspect.friendlyName="Localized value" baseType="STRING" description="Localized value" name="value" ordinal="1"/>
            </FieldDefinitions>
          </DataShape>
          <Rows/>
        </ConfigurationTable>
      </ConfigurationTables>
    </LocalizationTable>
    <LocalizationTable aspect.isCreatable="false" aspect.isEditableSystemObject="true" description="zh-TW localization table" documentationContent="" homeMashup="" lastModifiedDate="2024-01-23T18:46:29.694Z" name="zh-TW" tags="">
      <avatar/>
      <ConfigurationTables>
        <ConfigurationTable description="Localization tokens and usage" isHidden="false" isMultiRow="true" name="LocalizationTokens" ordinal="0">
          <DataShape>
            <FieldDefinitions>
              <FieldDefinition aspect.friendlyName="Translation context" baseType="STRING" description="Translation context" name="context" ordinal="3"/>
              <FieldDefinition aspect.friendlyName="Token name" baseType="STRING" description="Token name" name="name" ordinal="0"/>
              <FieldDefinition aspect.friendlyName="Token usage" baseType="STRING" description="Token usage" name="usage" ordinal="2"/>
              <FieldDefinition aspect.friendlyName="Localized value" baseType="STRING" description="Localized value" name="value" ordinal="1"/>
            </FieldDefinitions>
          </DataShape>
          <Rows/>
        </ConfigurationTable>
      </ConfigurationTables>
    </LocalizationTable>
    <LocalizationTable aspect.isExtension="false" description="pt-BR localization table" documentationContent="" homeMashup="" lastModifiedDate="2024-01-23T18:47:46.779Z" name="pt-BR" tags="">
      <avatar/>
      <ConfigurationTables>
        <ConfigurationTable description="Localization tokens and usage" isHidden="false" isMultiRow="true" name="LocalizationTokens" ordinal="0">
          <DataShape>
            <FieldDefinitions>
              <FieldDefinition aspect.friendlyName="Translation context" baseType="STRING" description="Translation context" name="context" ordinal="3"/>
              <FieldDefinition aspect.friendlyName="Token name" baseType="STRING" description="Token name" name="name" ordinal="0"/>
              <FieldDefinition aspect.friendlyName="Token usage" baseType="STRING" description="Token usage" name="usage" ordinal="2"/>
              <FieldDefinition aspect.friendlyName="Localized value" baseType="STRING" description="Localized value" name="value" ordinal="1"/>
            </FieldDefinitions>
          </DataShape>
          <Rows/>
        </ConfigurationTable>
      </ConfigurationTables>
    </LocalizationTable>
    <LocalizationTable aspect.isCreatable="false" aspect.isEditableSystemObject="true" description="it localization table" documentationContent="" homeMashup="" lastModifiedDate="2024-01-23T18:46:29.699Z" name="it" tags="">
      <avatar/>
      <ConfigurationTables>
        <ConfigurationTable description="Localization tokens and usage" isHidden="false" isMultiRow="true" name="LocalizationTokens" ordinal="0">
          <DataShape>
            <FieldDefinitions>
              <FieldDefinition aspect.friendlyName="Translation context" baseType="STRING" description="Translation context" name="context" ordinal="3"/>
              <FieldDefinition aspect.friendlyName="Token name" baseType="STRING" description="Token name" name="name" ordinal="0"/>
              <FieldDefinition aspect.friendlyName="Token usage" baseType="STRING" description="Token usage" name="usage" ordinal="2"/>
              <FieldDefinition aspect.friendlyName="Localized value" baseType="STRING" description="Localized value" name="value" ordinal="1"/>
            </FieldDefinitions>
          </DataShape>
          <Rows/>
        </ConfigurationTable>
      </ConfigurationTables>
    </LocalizationTable>
    <LocalizationTable aspect.isCreatable="false" aspect.isEditableSystemObject="true" description="fr localization table" documentationContent="" homeMashup="" lastModifiedDate="2024-01-23T18:46:29.671Z" name="fr" tags="">
      <avatar/>
      <ConfigurationTables>
        <ConfigurationTable description="Localization tokens and usage" isHidden="false" isMultiRow="true" name="LocalizationTokens" ordinal="0">
          <DataShape>
            <FieldDefinitions>
              <FieldDefinition aspect.friendlyName="Translation context" baseType="STRING" description="Translation context" name="context" ordinal="3"/>
              <FieldDefinition aspect.friendlyName="Token name" baseType="STRING" description="Token name" name="name" ordinal="0"/>
              <FieldDefinition aspect.friendlyName="Token usage" baseType="STRING" description="Token usage" name="usage" ordinal="2"/>
              <FieldDefinition aspect.friendlyName="Localized value" baseType="STRING" description="Localized value" name="value" ordinal="1"/>
            </FieldDefinitions>
          </DataShape>
          <Rows/>
        </ConfigurationTable>
      </ConfigurationTables>
    </LocalizationTable>
    <LocalizationTable aspect.isCreatable="false" aspect.isEditableSystemObject="true" description="zh-CN localization table" documentationContent="" homeMashup="" lastModifiedDate="2024-01-23T18:46:29.677Z" name="zh-CN" tags="">
      <avatar/>
      <ConfigurationTables>
        <ConfigurationTable description="Localization tokens and usage" isHidden="false" isMultiRow="true" name="LocalizationTokens" ordinal="0">
          <DataShape>
            <FieldDefinitions>
              <FieldDefinition aspect.friendlyName="Translation context" baseType="STRING" description="Translation context" name="context" ordinal="3"/>
              <FieldDefinition aspect.friendlyName="Token name" baseType="STRING" description="Token name" name="name" ordinal="0"/>
              <FieldDefinition aspect.friendlyName="Token usage" baseType="STRING" description="Token usage" name="usage" ordinal="2"/>
              <FieldDefinition aspect.friendlyName="Localized value" baseType="STRING" description="Localized value" name="value" ordinal="1"/>
            </FieldDefinitions>
          </DataShape>
          <Rows/>
        </ConfigurationTable>
      </ConfigurationTables>
    </LocalizationTable>
    <LocalizationTable aspect.isCreatable="false" aspect.isEditableSystemObject="true" description="Default localization table" documentationContent="" homeMashup="" lastModifiedDate="2024-01-23T18:46:29.705Z" name="Default" tags="">
      <avatar/>
      <ConfigurationTables>
        <ConfigurationTable description="Localization tokens and usage" isHidden="false" isMultiRow="true" name="LocalizationTokens" ordinal="0">
          <DataShape>
            <FieldDefinitions>
              <FieldDefinition aspect.friendlyName="Translation context" baseType="STRING" description="Translation context" name="context" ordinal="3"/>
              <FieldDefinition aspect.friendlyName="Token name" baseType="STRING" description="Token name" name="name" ordinal="0"/>
              <FieldDefinition aspect.friendlyName="Token usage" baseType="STRING" description="Token usage" name="usage" ordinal="2"/>
              <FieldDefinition aspect.friendlyName="Localized value" baseType="STRING" description="Localized value" name="value" ordinal="1"/>
            </FieldDefinitions>
          </DataShape>
          <Rows/>
        </ConfigurationTable>
      </ConfigurationTables>
    </LocalizationTable>
    
    <LocalizationTable aspect.isCreatable="false" aspect.isEditableSystemObject="true" description="es localization table" documentationContent="" homeMashup="" lastModifiedDate="2024-01-23T18:46:29.714Z" name="es" tags="">
      <avatar/>
      <ConfigurationTables>
        <ConfigurationTable description="Localization tokens and usage" isHidden="false" isMultiRow="true" name="LocalizationTokens" ordinal="0">
          <DataShape>
            <FieldDefinitions>
              <FieldDefinition aspect.friendlyName="Translation context" baseType="STRING" description="Translation context" name="context" ordinal="3"/>
              <FieldDefinition aspect.friendlyName="Token name" baseType="STRING" description="Token name" name="name" ordinal="0"/>
              <FieldDefinition aspect.friendlyName="Token usage" baseType="STRING" description="Token usage" name="usage" ordinal="2"/>
              <FieldDefinition aspect.friendlyName="Localized value" baseType="STRING" description="Localized value" name="value" ordinal="1"/>
            </FieldDefinitions>
          </DataShape>
          <Rows/>
        </ConfigurationTable>
      </ConfigurationTables>
    </LocalizationTable>
    <LocalizationTable aspect.isCreatable="false" aspect.isEditableSystemObject="true" description="ja localization table" documentationContent="" homeMashup="" lastModifiedDate="2024-01-23T18:46:29.719Z" name="ja" tags="">
      <avatar/>
      <ConfigurationTables>
        <ConfigurationTable description="Localization tokens and usage" isHidden="false" isMultiRow="true" name="LocalizationTokens" ordinal="0">
          <DataShape>
            <FieldDefinitions>
              <FieldDefinition aspect.friendlyName="Translation context" baseType="STRING" description="Translation context" name="context" ordinal="3"/>
              <FieldDefinition aspect.friendlyName="Token name" baseType="STRING" description="Token name" name="name" ordinal="0"/>
              <FieldDefinition aspect.friendlyName="Token usage" baseType="STRING" description="Token usage" name="usage" ordinal="2"/>
              <FieldDefinition aspect.friendlyName="Localized value" baseType="STRING" description="Localized value" name="value" ordinal="1"/>
            </FieldDefinitions>
          </DataShape>
          <Rows/>
        </ConfigurationTable>
      </ConfigurationTables>
    </LocalizationTable>
  </LocalizationTables>
</Entities>